relaxation_step,metric,analysis_role,n,mean,median,standard_deviation,bootstrap_ci_95,paired_t_statistic,paired_t_pvalue,wilcoxon_statistic,wilcoxon_pvalue,paired_cohens_dz,positive_count,negative_count,zero_count
10000,h_repr,secondary,5,0.0014657161820512687,0.0010531463653034034,0.0172544872110594,"[-0.010379451317849986, 0.015897907391353973]",0.1899471701881347,0.8586004026908299,7.0,1.0,0.08494695693487815,3,2,0
10000,cka_conv2,secondary,5,-0.020063526548249788,-0.01357467206881402,0.024189455020498515,"[-0.0401071376651948, -0.002732781578481647]",-1.8546680440812038,0.13724525035570498,1.0,0.125,-0.8294327644524297,1,4,0
10000,cka_fc1,secondary,5,0.01713209418414723,0.012229217270788961,0.017913026489892837,"[0.0050320639083034635, 0.032305277143457344]",2.138584856908297,0.09924547793591638,1.0,0.125,0.9564042231397225,4,1,0
10000,prediction_disagreement,secondary,5,-0.009199999459087848,-0.009999998845160007,0.0019235386246253812,"[-0.010399999842047692, -0.0075999990105628966]",-10.694780921016436,0.0004330769547450476,0.0,0.0625,-4.782851428772112,0,5,0
10000,js_divergence,secondary,5,-0.0057249788997364125,-0.005628235480471366,0.0012213756923318887,"[-0.006788994577579211, -0.00477793007874222]",-10.481166499328031,0.00046838856623311116,0.0,0.0625,-4.687320155198196,0,5,0
10000,absolute_accuracy_gap,secondary,5,-0.0022600000000000176,-0.0028000000000000247,0.0038669109118261305,"[-0.005320000000000014, 0.0007999999999999785]",-1.3068606296810354,0.2613278991769692,3.0,0.3125,-0.5844458410169949,2,3,0
10000,signed_accuracy_difference,secondary,5,-0.0007800000000000474,0.0014999999999999458,0.005315731370187949,"[-0.00488000000000004, 0.0032199999999999785]",-0.3281078182828254,0.7592866601544901,6.0,0.8125,-0.14673427712590917,3,2,0
10000,conv1_average_activation_variance_difference,secondary,5,-0.019950669384490367,-0.011736464461285234,0.016207413001595516,"[-0.03289023190672255, -0.007840180762090799]",-2.7525091719420414,0.05124215986159797,0.0,0.0625,-1.2309595234308124,0,5,0
10000,conv1_average_positive_activity_rate_difference,secondary,5,0.1581190987183966,0.17609845390570555,0.2032432710123191,"[-0.01805556219102016, 0.3175237430483747]",1.739615051038537,0.15690862269221428,2.0,0.1875,0.777979501760787,4,1,0
10000,conv1_average_sparsity_difference,secondary,5,0.1581190987183966,0.17609845390570555,0.2032432710123191,"[-0.007314553465635499, 0.3067827343229901]",1.739615051038537,0.15690862269221428,2.0,0.1875,0.777979501760787,4,1,0
10000,conv1_below_threshold_positive_activity_ratio_difference,secondary,5,0.2625,0.3125,0.12022115038544591,"[0.1625, 0.3375]",4.88240082724041,0.008146502916276832,0.0,0.0625,2.183476028622153,5,0,0
10000,conv2_average_activation_variance_difference,secondary,5,-0.027794238101385715,-0.03265794740897038,0.03705957489215779,"[-0.05609642809951447, -0.0006666615489969274]",-1.677024249694368,0.16884340543539986,3.0,0.3125,-0.7499880444464375,2,3,0
10000,conv2_average_positive_activity_rate_difference,secondary,5,-0.0020331314009524705,-0.0025012363761405254,0.0032330440036712747,"[-0.004477519086044879, 0.0006663505135279024]",-1.4061732579441097,0.23239832865600032,2.0,0.1875,-0.6288597985810751,1,4,0
10000,conv2_average_sparsity_difference,secondary,5,-0.0020331314009524705,-0.0025012363761405254,0.0032330440036712747,"[-0.004532373770970821, 0.0005987246272638914]",-1.4061732579441097,0.23239832865600032,2.0,0.1875,-0.6288597985810751,1,4,0
10000,conv2_below_threshold_positive_activity_ratio_difference,secondary,5,0.190625,0.15625,0.15285371376744497,"[0.1, 0.328125]",2.788616957383216,0.049381737986743425,0.0,0.0625,1.247107415983501,5,0,0
10000,fc1_average_activation_variance_difference,secondary,5,-1.0532096952103989,-1.3197309670899422,1.0695748278769706,"[-1.8490010172703681, -0.2574183731504295]",-2.201854804050399,0.09246129855416425,2.0,0.1875,-0.9846994036882344,1,4,0
10000,fc1_average_positive_activity_rate_difference,secondary,5,0.023683593589976227,0.008710937967862264,0.07559155023035313,"[-0.027274999415203637, 0.0926617178871311]",0.700582605559533,0.5221729218294012,5.0,0.625,0.3133100659770076,3,2,0
10000,fc1_average_sparsity_difference,secondary,5,0.023683593589976227,0.008710937967862264,0.07559155023035313,"[-0.02696874964676681, 0.0926617178871311]",0.700582605559533,0.5221729218294012,5.0,0.625,0.3133100659770076,3,2,0
10000,fc1_below_threshold_positive_activity_ratio_difference,secondary,5,0.0703125,0.0546875,0.20647773885003923,"[-0.0984375, 0.2375]",0.7614551115466368,0.48880550124078964,4.0,0.4375,0.34053307824659296,4,1,0
25000,h_repr,secondary,5,-0.01661385043209298,-0.011918845888746143,0.015053427883969912,"[-0.029340538242304492, -0.005467234083811179]",-2.4678564391127225,0.06910561594981851,0.0,0.0625,-1.1036589513133237,0,5,0
25000,cka_conv2,secondary,5,0.0161424662398151,0.024264080498145435,0.02276740936721209,"[-0.0008395640009993377, 0.03312449648062954]",1.5854088295484436,0.18805474154506732,3.0,0.3125,0.7090163829997393,3,2,0
25000,cka_fc1,secondary,5,0.017085234624370928,0.026792533757309056,0.01816368603571417,"[0.0013121877316285336, 0.029885299708637958]",2.1033035891783602,0.1032675309501862,2.0,0.1875,0.940625960544421,4,1,0
25000,prediction_disagreement,secondary,5,-0.008200000412762165,-0.009000000543892384,0.005203363426469261,"[-0.012299999594688416, -0.004200001060962677]",-3.523828115712504,0.024365751147397512,0.0,0.0625,-1.5759038415516309,0,5,0
25000,js_divergence,secondary,5,-0.005267202343335767,-0.005837103408764503,0.003330923573489492,"[-0.007715636478273352, -0.0028503988317388875]",-3.535902950365943,0.024102103102275764,0.0,0.0625,-1.5813038717720624,0,5,0
25000,absolute_accuracy_gap,secondary,5,-0.002760000000000007,-0.0033999999999999586,0.0022952124084711207,"[-0.004359999999999964, -0.0009200000000000541]",-2.688878639345805,0.054721696235485943,1.0,0.125,-1.202503084164872,1,4,0
25000,signed_accuracy_difference,secondary,5,-0.0017199999999999882,-0.0021999999999999797,0.003935987804859139,"[-0.004759999999999964, 0.0013199999999999878]",-0.9771465543037305,0.3838249703018843,4.0,0.375,-0.4369932238805663,2,3,0
25000,conv1_average_activation_variance_difference,secondary,5,-0.014055521596110693,-0.012567283018952935,0.006960601506765674,"[-0.019450058804705718, -0.00876114687830486]",-4.515285312278099,0.010696764397862242,0.0,0.0625,-2.019296979212039,0,5,0
25000,conv1_average_positive_activity_rate_difference,secondary,5,0.15833199051433056,0.14368720847906502,0.1978232831531183,"[0.00356307351189713, 0.32075736870043414]",1.7896836416816604,0.148005144580894,2.0,0.1875,0.8003708562039137,4,1,0
25000,conv1_average_sparsity_difference,secondary,5,0.15833199051433056,0.14368720847906502,0.1978232831531183,"[0.00356307351189713, 0.32075736870043414]",1.7896836416816604,0.148005144580894,2.0,0.1875,0.8003708562039137,4,1,0
25000,conv1_below_threshold_positive_activity_ratio_difference,secondary,5,0.25625,0.28125,0.11775902300885482,"[0.15, 0.3375]",4.865804798594799,0.008244631006854658,0.0,0.0625,2.1760540589805286,5,0,0
25000,conv2_average_activation_variance_difference,secondary,5,-0.013149989537171902,-0.010628935152220131,0.05641928258218382,"[-0.059620798668497746, 0.033719714903669845]",-0.521174129885386,0.629768417306143,4.0,0.4375,-0.23307615650760558,1,4,0
25000,conv2_average_positive_activity_rate_difference,secondary,5,-0.0020169722659119315,0.00039616552665933114,0.004875051334789393,"[-0.005848078811783353, 0.001685530828483195]",-0.9251363289502059,0.40725592625790397,6.0,0.8125,-0.41373354399745343,3,2,0
25000,conv2_average_sparsity_difference,secondary,5,-0.0020169722659119315,0.00039616552665933114,0.004875051334789393,"[-0.005848078811783353, 0.001685530828483195]",-0.9251363289502059,0.40725592625790397,6.0,0.8125,-0.41373354399745343,3,2,0
25000,conv2_below_threshold_positive_activity_ratio_difference,secondary,5,0.171875,0.09375,0.20581156050499205,"[0.0375, 0.353125]",1.8673595530288707,0.13524358663446362,0.0,0.0625,0.8351085798012357,5,0,0
25000,fc1_average_activation_variance_difference,secondary,5,0.06072714202117133,-0.7538304947522132,2.0278931508086973,"[-1.3401443190385496, 1.7151469682150584]",0.06696113036550855,0.9498260095523009,7.0,1.0,0.029945927869500493,2,3,0
25000,fc1_average_positive_activity_rate_difference,secondary,5,0.028780468532568194,0.01357812428204852,0.07343749427424816,"[-0.016079687190358526, 0.09509921801227392]",0.8763246172695611,0.4303278490328671,5.0,0.625,0.39190428291424495,3,2,0
25000,fc1_average_sparsity_difference,secondary,5,0.028780468532568194,0.01357812428204852,0.07343749427424816,"[-0.016079687190358526, 0.09509921801227392]",0.8763246172695611,0.4303278490328671,5.0,0.625,0.39190428291424495,3,2,0
25000,fc1_below_threshold_positive_activity_ratio_difference,secondary,5,0.084375,0.1171875,0.14672116278633768,"[-0.0375, 0.1953125]",1.285896540203218,0.26786988666599093,4.0,0.4375,0.5750704151852374,4,1,0
50000,h_repr,primary,5,-0.03975836999003539,-0.01959041020792096,0.04118965361203251,"[-0.07721362007663861, -0.0175877957635024]",-2.1583677010174274,0.09706649761717745,0.0,0.0625,-0.9652513799829818,0,5,0
50000,cka_conv2,secondary,5,0.04368835961403463,0.024966390665092097,0.05264958177030207,"[0.016392452500258736, 0.09127967270394965]",1.85547802352234,0.13711655472267917,0.0,0.0625,0.8297949982705812,5,0,0
50000,cka_fc1,secondary,5,0.035828380366036174,0.02501819249188808,0.03178844550324027,"[0.015479802272598264, 0.06275584429448366]",2.520245729348716,0.0653396634465218,0.0,0.0625,1.1270881541654532,5,0,0
50000,prediction_disagreement,secondary,5,-0.01119999997317791,-0.010000000707805157,0.005032395048113668,"[-0.014999999850988387, -0.0074999997392296795]",-4.976549147787802,0.007615972451151112,0.0,0.0625,-2.2255804375644344,0,5,0
50000,js_divergence,secondary,5,-0.00742405269963248,-0.007120070340500155,0.003775379411049579,"[-0.01014283997491815, -0.004559475620764005]",-4.397090913917963,0.01171769537632387,0.0,0.0625,-1.966438837353448,0,5,0
50000,absolute_accuracy_gap,secondary,5,-0.004520000000000013,-0.004899999999999904,0.005401110996822744,"[-0.00875999999999999, -0.0005400000000000072]",-1.8712867156858346,0.1346305973625133,2.0,0.1875,-0.8368648603331698,1,4,0
50000,signed_accuracy_difference,secondary,5,-0.0028000000000000247,-0.0013000000000000789,0.007024955515873329,"[-0.008279999999999954, 0.0026199999999999336]",-0.8912498197109384,0.4231611843423049,5.0,0.625,-0.39857903636161807,2,3,0
50000,conv1_average_activation_variance_difference,secondary,5,-0.01657055328720434,-0.014518659210439266,0.006514495552735465,"[-0.021702106992568894, -0.011608991425707215]",-5.687759439702561,0.004718439074135475,0.0,0.0625,-2.5436433493682085,0,5,0
50000,conv1_average_positive_activity_rate_difference,secondary,5,0.12325519670210242,0.12593071115670895,0.21502995218667625,"[-0.04773432104983044, 0.29305938214738986]",1.2817144570015215,0.2691937324208268,3.0,0.3125,0.5732001307199267,4,1,0
50000,conv1_average_sparsity_difference,secondary,5,0.12325519670210242,0.12593071115670895,0.21502995218667625,"[-0.05267766477012614, 0.29305938214738986]",1.2817144570015215,0.2691937324208268,3.0,0.3125,0.5732001307199267,4,1,0
50000,conv1_below_threshold_positive_activity_ratio_difference,secondary,5,0.25625,0.28125,0.12770510463564094,"[0.15, 0.34375]",4.486840372349579,0.01093228195390436,0.0,0.0625,2.006576015352825,5,0,0
50000,conv2_average_activation_variance_difference,secondary,5,-0.01870734545014708,0.0123130533461423,0.07195213380629567,"[-0.07395508830545496, 0.036540397405160796]",-0.5813711684731183,0.5921767124335288,6.0,0.8125,-0.25999709057287507,3,2,0
50000,conv2_average_positive_activity_rate_difference,secondary,5,-0.0021331950287574843,-0.001592474223080842,0.005237651386914431,"[-0.006301657996473864, 0.0018327807445118083]",-0.9107076323337366,0.4139663046486372,4.0,0.4375,-0.4072808347052241,2,3,0
50000,conv2_average_sparsity_difference,secondary,5,-0.0021331950287574843,-0.001592474223080842,0.005237651386914431,"[-0.00634690680206802, 0.0018327807445118083]",-0.9107076323337366,0.4139663046486372,4.0,0.4375,-0.4072808347052241,2,3,0
50000,conv2_below_threshold_positive_activity_ratio_difference,secondary,5,0.175,0.09375,0.2041440782572446,"[0.04375, 0.35]",1.9168417688284154,0.12773517064363393,0.0,0.125,0.8572376994422548,4,0,1
50000,fc1_average_activation_variance_difference,secondary,5,-7.981484602287852,-9.808187690442775,3.901197180297721,"[-10.84357029216198, -4.638695047007783]",-4.574785971398016,0.01022368911591668,0.0,0.0625,-2.045906482911674,0,5,0
50000,fc1_average_positive_activity_rate_difference,secondary,5,0.024306249496385136,0.005328125054347765,0.07161207164610685,"[-0.0243648440627112, 0.08888515658718461]",0.758956205324943,0.49014299705932557,4.0,0.4375,0.33941553341037206,4,1,0
50000,fc1_average_sparsity_difference,secondary,5,0.024306249496385136,0.005328125054347765,0.07161207164610685,"[-0.0243648440627112, 0.08888515658718461]",0.758956205324943,0.49014299705932557,4.0,0.4375,0.33941553341037206,4,1,0
50000,fc1_below_threshold_positive_activity_ratio_difference,secondary,5,0.0859375,0.109375,0.14667955746498895,"[-0.0328125, 0.196875]",1.3100809351859102,0.260336793891285,4.0,0.4375,0.5858860054204382,4,1,0
