seed,relaxation_step,h_repr_relu,h_repr_leaky_relu,delta_h_repr_leaky_minus_relu,cka_conv2_relu,cka_conv2_leaky_relu,delta_cka_conv2_leaky_minus_relu,cka_fc1_relu,cka_fc1_leaky_relu,delta_cka_fc1_leaky_minus_relu,prediction_disagreement_relu,prediction_disagreement_leaky_relu,delta_prediction_disagreement_leaky_minus_relu,js_divergence_relu,js_divergence_leaky_relu,delta_js_divergence_leaky_minus_relu,absolute_accuracy_gap_relu,absolute_accuracy_gap_leaky_relu,delta_absolute_accuracy_gap_leaky_minus_relu,signed_accuracy_difference_relu,signed_accuracy_difference_leaky_relu,delta_signed_accuracy_difference_leaky_minus_relu,conv1_average_activation_variance_difference_relu,conv1_average_activation_variance_difference_leaky_relu,delta_conv1_average_activation_variance_difference_leaky_minus_relu,conv1_average_positive_activity_rate_difference_relu,conv1_average_positive_activity_rate_difference_leaky_relu,delta_conv1_average_positive_activity_rate_difference_leaky_minus_relu,conv1_average_sparsity_difference_relu,conv1_average_sparsity_difference_leaky_relu,delta_conv1_average_sparsity_difference_leaky_minus_relu,conv1_below_threshold_positive_activity_ratio_difference_relu,conv1_below_threshold_positive_activity_ratio_difference_leaky_relu,delta_conv1_below_threshold_positive_activity_ratio_difference_leaky_minus_relu,conv2_average_activation_variance_difference_relu,conv2_average_activation_variance_difference_leaky_relu,delta_conv2_average_activation_variance_difference_leaky_minus_relu,conv2_average_positive_activity_rate_difference_relu,conv2_average_positive_activity_rate_difference_leaky_relu,delta_conv2_average_positive_activity_rate_difference_leaky_minus_relu,conv2_average_sparsity_difference_relu,conv2_average_sparsity_difference_leaky_relu,delta_conv2_average_sparsity_difference_leaky_minus_relu,conv2_below_threshold_positive_activity_ratio_difference_relu,conv2_below_threshold_positive_activity_ratio_difference_leaky_relu,delta_conv2_below_threshold_positive_activity_ratio_difference_leaky_minus_relu,fc1_average_activation_variance_difference_relu,fc1_average_activation_variance_difference_leaky_relu,delta_fc1_average_activation_variance_difference_leaky_minus_relu,fc1_average_positive_activity_rate_difference_relu,fc1_average_positive_activity_rate_difference_leaky_relu,delta_fc1_average_positive_activity_rate_difference_leaky_minus_relu,fc1_average_sparsity_difference_relu,fc1_average_sparsity_difference_leaky_relu,delta_fc1_average_sparsity_difference_leaky_minus_relu,fc1_below_threshold_positive_activity_ratio_difference_relu,fc1_below_threshold_positive_activity_ratio_difference_leaky_relu,delta_fc1_below_threshold_positive_activity_ratio_difference_leaky_minus_relu
101,10000,0.1293329265504981,0.1303860729158015,0.0010531463653034034,0.9289790498237905,0.9190967683633412,-0.009882281460449338,0.8123550970752134,0.8201310858050557,0.007775988729842309,0.032999999821186066,0.02199999988079071,-0.010999999940395355,0.017820497134695183,0.012192261654223817,-0.005628235480471366,0.005600000000000049,0.000300000000000078,-0.005299999999999971,0.005600000000000049,-0.000300000000000078,-0.005900000000000127,0.04478171022154459,0.009933548537389925,-0.034848161684154666,0.14862783622265852,0.001136263300487883,-0.14749157292217063,0.14862783622265852,0.001136263300487883,-0.14749157292217063,0.0,0.25,0.25,0.08945007846324837,0.04883472524781496,-0.040615353215433414,0.0028441882327712165,0.0024216359428166356,-0.00042255228995458083,0.0028441882327712165,0.0024216359428166356,-0.00042255228995458083,0.078125,0.140625,0.0625,1.6556639934129675,0.18786315083474392,-1.4678008425782236,0.07683593681667844,0.025570312479430868,-0.05126562433724757,0.07683593681667844,0.025570312479430868,-0.05126562433724757,0.2890625,0.34375,0.0546875
101,25000,0.11949090544391372,0.11921631662604415,-0.0002745888178695699,0.9325391727494119,0.9250001554003405,-0.007539017349071364,0.8284790163627606,0.8365672113475712,0.008088194984810615,0.024000000208616257,0.014999999664723873,-0.009000000543892384,0.014690042317261887,0.008852938908497384,-0.005837103408764503,0.0043999999999999595,0.0010000000000000009,-0.0033999999999999586,0.0043999999999999595,-0.0010000000000000009,-0.00539999999999996,0.04140314816068269,0.028835865141729755,-0.012567283018952935,0.12600293240302562,0.020755738747560315,-0.10524719365546531,0.12600293240302562,0.020755738747560315,-0.10524719365546531,0.0,0.25,0.25,0.11893869208056967,0.10830975692834954,-0.010628935152220131,0.00561387931338686,0.0060100448400461914,0.00039616552665933114,0.00561387931338686,0.0060100448400461914,0.00039616552665933114,0.0625,0.09375,0.03125,1.6673854255475042,0.6180923465605304,-1.0492930789869739,0.06624999951463906,0.0303984380093425,-0.03585156150529656,0.06624999951463906,0.0303984380093425,-0.03585156150529656,0.2578125,0.3203125,0.0625
101,50000,0.13575242106310736,0.11755018256740946,-0.01820223849569791,0.9136884471804263,0.925074731679934,0.011386284499507737,0.8148067106933589,0.8398249031852469,0.02501819249188808,0.02500000037252903,0.014999999664723873,-0.010000000707805157,0.015887597657492373,0.008767527316992218,-0.007120070340500155,0.007400000000000073,0.0005999999999999339,-0.006800000000000139,0.007400000000000073,-0.0005999999999999339,-0.008000000000000007,0.040613581878967464,0.02961324758638284,-0.011000334292584624,0.19758699711564987,0.020081812440409408,-0.17750518467524046,0.19758699711564987,0.020081812440409408,-0.17750518467524046,0.0,0.21875,0.21875,0.08984797205246414,0.11944771315768321,0.02959974110521907,0.006547552604644125,0.004955078381563283,-0.001592474223080842,0.006547552604644125,0.004955078381563283,-0.001592474223080842,0.078125,0.078125,0.0,12.338173401958407,0.6225045437071799,-11.715668858251227,0.0783085943394326,0.030656250467018253,-0.04765234387241435,0.0783085943394326,0.030656250467018253,-0.04765234387241435,0.1953125,0.3203125,0.125
202,10000,0.12129758113234068,0.1108797021499417,-0.010417878982398987,0.9485806996229434,0.9571872403169522,0.00860654069400879,0.8088241381123753,0.8210533553831643,0.012229217270788961,0.027499999850988388,0.0215000007301569,-0.0059999991208314896,0.016333061497041442,0.012147772559404996,-0.0041852889376364465,0.0040999999999999925,0.0012999999999999678,-0.0028000000000000247,-0.0040999999999999925,0.0012999999999999678,0.00539999999999996,0.003984192708431422,0.0015454675760224745,-0.0024387251324089476,0.05550579623741214,0.17487585999651856,0.11937006375910642,0.05550579623741214,0.17487585999651856,0.11937006375910642,0.03125,0.09375,0.0625,0.04460458554031829,0.05805306351089712,0.013448477970578826,0.0060564019907118904,0.003555165614571365,-0.0025012363761405254,0.0060564019907118904,0.003555165614571365,-0.0025012363761405254,0.078125,0.25,0.171875,1.3688737365785721,1.3474995705603874,-0.02137416601818476,0.008816406530058885,0.01752734449792115,0.008710937967862264,0.008816406530058885,0.01752734449792115,0.008710937967862264,0.0,0.109375,0.109375
202,25000,0.12258887589963385,0.11515480245234855,-0.007434073447285305,0.925106872636486,0.9507465575442623,0.02563968490777624,0.8297153755642461,0.8189438375510407,-0.010771538013205406,0.02250000089406967,0.013500000350177288,-0.009000000543892384,0.013532254189011944,0.007318734320685426,-0.006213519868326518,0.0040000000000000036,0.00039999999999995595,-0.0036000000000000476,-0.0040000000000000036,-0.00039999999999995595,0.0036000000000000476,0.013975580674355115,0.006497115781030516,-0.007478464893324599,0.0269352537143277,0.12018772001692923,0.09325246630260153,0.0269352537143277,0.12018772001692923,0.09325246630260153,0.03125,0.09375,0.0625,0.005283280079511288,0.07100205309916419,0.0657187730196529,0.0033034121004575923,0.005031967408115179,0.0017285553076575866,0.0033034121004575923,0.005031967408115179,0.0017285553076575866,0.046875,0.25,0.203125,0.6641593395022234,1.4605833159654367,0.7964239764632133,0.0005859377206434147,0.01770312522421591,0.017117187503572495,0.0005859377206434147,0.01770312522421591,0.017117187503572495,0.0078125,0.125,0.1171875
202,50000,0.12934159290531577,0.11336954709621816,-0.015972045809097613,0.9242749653286256,0.9520978165085184,0.027822851179892805,0.8170418488607428,0.8211630892990454,0.004121240438302531,0.023000000044703484,0.013000000268220901,-0.009999999776482582,0.013801719811000358,0.007410598488414233,-0.006391121322586125,0.00539999999999996,0.000500000000000056,-0.004899999999999904,-0.00539999999999996,-0.000500000000000056,0.004899999999999904,0.016380943406602455,0.005618128740138673,-0.010762814666463782,0.08016713739198167,0.1189467254257579,0.038779588033776236,0.08016713739198167,0.1189467254257579,0.038779588033776236,0.03125,0.09375,0.0625,0.0270300286435331,0.08262475437814487,0.05559472573461177,0.0046490351848191835,0.005190011410356021,0.0005409762255368378,0.0046490351848191835,0.005190011410356021,0.0005409762255368378,0.0,0.203125,0.203125,11.51388425410563,1.7056965636628547,-9.808187690442775,0.0129218744341415,0.018249999488489266,0.005328125054347765,0.0129218744341415,0.018249999488489266,0.005328125054347765,0.0546875,0.109375,0.0546875
303,10000,0.15219606643059125,0.13613874393571357,-0.01605732249487768,0.9085602321185479,0.8949855600497338,-0.01357467206881402,0.7870476350202695,0.8327369520788391,0.0456893170585696,0.027499999850988388,0.01850000023841858,-0.008999999612569809,0.01640761658987942,0.010702068489549025,-0.0057055481003303946,0.006700000000000039,9.999999999998899e-05,-0.00660000000000005,0.006700000000000039,-9.999999999998899e-05,-0.006800000000000028,0.04228074052302855,0.030987245980853118,-0.01129349454217543,0.05312171093260076,0.2829252084652296,0.22980349753262885,0.05312171093260076,0.2829252084652296,0.22980349753262885,0.03125,0.34375,0.3125,0.04786269593000747,0.049076537791421515,0.0012138418614140445,0.006451451061082025,0.0032108577523857207,-0.0032405933086963046,0.006451451061082025,0.0032108577523857207,-0.0032405933086963046,0.015625,0.125,0.109375,1.63682444626237,0.3170934791724278,-1.3197309670899422,0.07299609431083809,0.07255859426186362,-0.0004375000489744707,0.07299609431083809,0.07255859426186362,-0.0004375000489744707,0.375,0.1640625,-0.2109375
303,25000,0.13646129257958806,0.11093298545186081,-0.025528307127727246,0.9032817687947698,0.9275458492929153,0.024264080498145435,0.8237956460460542,0.8505881798033632,0.026792533757309056,0.01600000075995922,0.011500000022351742,-0.004500000737607479,0.009681586374198397,0.007604974328405119,-0.0020766120457932783,0.0027999999999999137,0.0005999999999999339,-0.0021999999999999797,0.0027999999999999137,0.0005999999999999339,-0.0021999999999999797,0.05248038720159087,0.028640022274146304,-0.02384036492744457,0.13879421809701853,0.28248142657608355,0.14368720847906502,0.13879421809701853,0.28248142657608355,0.14368720847906502,0.03125,0.34375,0.3125,0.046542001951223155,0.04325116960447417,-0.003290832346748984,0.006720663262704818,0.0004599811998460268,-0.006260682062858791,0.006720663262704818,0.0004599811998460268,-0.006260682062858791,0.015625,0.109375,0.09375,1.1454532462349842,0.39162275148277104,-0.7538304947522132,0.073343750685126,0.08692187496717452,0.01357812428204852,0.073343750685126,0.08692187496717452,0.01357812428204852,0.3671875,0.2265625,-0.140625
303,50000,0.12874477037055576,0.1091543601626348,-0.01959041020792096,0.912926311986115,0.930037963404708,0.017111651418593055,0.8295841472727734,0.8516533162700225,0.02206916899724909,0.014999999664723873,0.010999999940395355,-0.003999999724328518,0.009182253003612964,0.007370245935582138,-0.0018120070680308258,0.002100000000000102,0.0008000000000000229,-0.0013000000000000789,0.002100000000000102,0.0008000000000000229,-0.0013000000000000789,0.050332679330305496,0.029350102078694817,-0.02098257725161068,0.13843849149429843,0.2643692026510074,0.12593071115670895,0.13843849149429843,0.2643692026510074,0.12593071115670895,0.03125,0.34375,0.3125,0.03888084386621504,0.05119389721235734,0.0123130533461423,0.005711575412625791,0.0005207267127502746,-0.0051908486998755166,0.005711575412625791,0.0005207267127502746,-0.0051908486998755166,0.0,0.09375,0.09375,2.730759462752548,0.3258050766057181,-2.40495438614683,0.07243359400035843,0.08823828024969771,0.015804686249339284,0.07243359400035843,0.08823828024969771,0.015804686249339284,0.3671875,0.234375,-0.1328125
404,10000,0.11563048443316015,0.14420887439162977,0.02857838995846962,0.9553630056300361,0.899497034238027,-0.055865971392009106,0.8133760255036436,0.8120852169787135,-0.0012908085249301315,0.03150000050663948,0.0215000007301569,-0.009999999776482582,0.019152294126705507,0.011546836413115092,-0.007605457713590415,0.0023000000000000798,0.0038000000000000256,0.0014999999999999458,0.0023000000000000798,0.0038000000000000256,0.0014999999999999458,0.050808320722259576,0.011371819619832024,-0.03943650110242755,0.13863606221417513,0.3147345161198807,0.17609845390570555,0.13863606221417513,0.3147345161198807,0.17609845390570555,0.15625,0.53125,0.375,0.12579899928065177,0.04543878956613412,-0.08036020971451766,0.0007058352991577976,0.003037468021254597,0.002331632722096799,0.0007058352991577976,0.003037468021254597,0.002331632722096799,0.03125,0.484375,0.453125,3.556314818796924,1.0614786017441986,-2.4948362170527254,0.0043125007241542335,0.014554687534200639,0.010242186810046405,0.0043125007241542335,0.014554687534200639,0.010242186810046405,0.0,0.03125,0.03125
404,25000,0.124318941396241,0.11240009550749486,-0.011918845888746143,0.941971322370739,0.9352793894682393,-0.006691932902499698,0.809390794836779,0.8399204195167711,0.030529624679992096,0.028999999165534973,0.013000000268220901,-0.01599999889731407,0.018116759808719636,0.008038816744096785,-0.010077943064622851,0.0013000000000000789,0.0020999999999999908,0.0007999999999999119,0.0013000000000000789,0.0020999999999999908,0.0007999999999999119,0.0265847143135437,0.008333979965673421,-0.01825073434787028,0.09271986111946262,0.31388319038356727,0.22116332926410465,0.09271986111946262,0.31388319038356727,0.22116332926410465,0.15625,0.53125,0.375,0.05179633642787376,0.026529424234013277,-0.025266912193860486,0.002207708847706158,0.004494897847926893,0.002287189000220735,0.002207708847706158,0.004494897847926893,0.002287189000220735,0.03125,0.546875,0.515625,2.153098931204733,0.22894645997143925,-1.9241524712332936,0.014738280635810952,0.009136717930687155,-0.005601562705123797,0.014738280635810952,0.009136717930687155,-0.005601562705123797,0.0078125,0.125,0.1171875
404,50000,0.14222954856856396,0.10973684269942097,-0.03249270586914299,0.9134284409816205,0.9383948316467126,0.024966390665092097,0.8021124618812516,0.8421314829544454,0.04001902107319377,0.030500000342726707,0.014000000432133675,-0.016499999910593033,0.019147815612542564,0.00792100593278435,-0.011226809679758214,0.00019999999999997797,0.0024999999999999467,0.0022999999999999687,0.00019999999999997797,0.0024999999999999467,0.0022999999999999687,0.035379719374725616,0.009791338359802282,-0.025588381014923334,0.10127809459299897,0.3316257367343134,0.23034764214131442,0.10127809459299897,0.3316257367343134,0.23034764214131442,0.15625,0.5625,0.40625,0.1338853689527573,0.031626020990131565,-0.10225934796262573,0.001082429909317284,0.005687021974949857,0.004604592065632573,0.001082429909317284,0.005687021974949857,0.004604592065632573,0.03125,0.546875,0.515625,10.780332745867,0.29116971893466825,-10.489163026932331,0.00629687519494837,0.009757810969858838,0.0034609357749104674,0.00629687519494837,0.009757810969858838,0.0034609357749104674,0.0234375,0.1328125,0.109375
505,10000,0.13094465030333735,0.13511689636709734,0.004172246063759988,0.935649056305709,0.9060478077917238,-0.029601248513985268,0.8024616430876161,0.8237183994740815,0.021256756386465403,0.023499999195337296,0.013500000350177288,-0.009999998845160007,0.01367712656516221,0.00817676229850877,-0.0055003642666534396,0.0010999999999999899,0.0030000000000000027,0.0019000000000000128,0.0010999999999999899,0.0030000000000000027,0.0019000000000000128,0.06460907668684862,0.05287261222556339,-0.011736464461285234,0.015237564656224833,0.42805261597293764,0.4128150513167128,0.015237564656224833,0.42805261597293764,0.4128150513167128,0.0625,0.375,0.3125,0.03530936968936432,0.0026514222803939447,-0.03265794740897038,0.007899154675193643,0.0015662469231259024,-0.00633290775206774,0.007899154675193643,0.0015662469231259024,-0.00633290775206774,0.203125,0.359375,0.15625,0.3145501416357117,0.3522438583227938,0.0376937166870821,0.012656250661621016,0.16382421821981552,0.1511679675581945,0.012656250661621016,0.16382421821981552,0.1511679675581945,0.09375,0.4609375,0.3671875
505,25000,0.16555116986514773,0.1276377329863111,-0.03791343687883664,0.863711047031071,0.9087505630757959,0.04503951604472489,0.8051866132386336,0.8359739709515819,0.03078735771294827,0.020500000566244125,0.017999999225139618,-0.0025000013411045074,0.012736055646540326,0.010605222317368638,-0.0021308333291716886,0.00770000000000004,0.0023000000000000798,-0.00539999999999996,0.00770000000000004,0.0023000000000000798,-0.00539999999999996,0.07304601153794629,0.06490525074498521,-0.008140760792961083,0.00932318667572929,0.4481273288570762,0.4388041421813469,0.00932318667572929,0.4481273288570762,0.4388041421813469,0.0625,0.34375,0.28125,0.09959810791068227,0.0073160668979994625,-0.09228204101268281,0.009789182276250585,0.0015530931750120658,-0.00823608910123852,0.009789182276250585,0.0015530931750120658,-0.00823608910123852,0.1875,0.203125,0.015625,0.5843477708693943,3.8188355494845183,3.234487778615124,0.0035859389076904336,0.15824609399533074,0.1546601550876403,0.0035859389076904336,0.15824609399533074,0.1546601550876403,0.1328125,0.3984375,0.265625
505,50000,0.23792208795216963,0.12538763838385214,-0.11253444956831749,0.7741889113333268,0.9113435316404143,0.13715462030708747,0.749966912762334,0.8378811915918813,0.08791427882954739,0.03449999913573265,0.01899999938905239,-0.01549999974668026,0.021042768024395152,0.010472512937108068,-0.010570255087287084,0.013999999999999901,0.0020999999999999908,-0.01189999999999991,0.013999999999999901,0.0020999999999999908,-0.01189999999999991,0.07909103202019574,0.06457237280975647,-0.014518659210439266,0.04933556208187895,0.44805878893583184,0.3987232268539529,0.04933556208187895,0.44805878893583184,0.3987232268539529,0.0625,0.34375,0.28125,0.09917170737849329,0.010386807904410489,-0.0887848994740828,0.010569714672136854,0.0015414941601363807,-0.009028220512000473,0.010569714672136854,0.0015414941601363807,-0.009028220512000473,0.125,0.1875,0.0625,9.95446209071281,4.465013041046717,-5.489449049666092,0.015878906036505214,0.16046875031224772,0.1445898442757425,0.015878906036505214,0.16046875031224772,0.1445898442757425,0.125,0.3984375,0.2734375
