seed,matched,relaxation_step,full_accuracy_sabc,full_accuracy_sbac,full_accuracy_difference,A_accuracy_sabc,A_accuracy_sbac,B_accuracy_sabc,B_accuracy_sbac,A_accuracy_difference,B_accuracy_difference,full_loss_difference,prediction_disagreement,js_divergence,cka_conv1,cka_conv2,cka_fc1,cka_logits,representation_history_score,normalized_weight_distance,conv1_dead_ratio_difference,conv1_average_sparsity_difference,conv1_average_activation_variance_difference,conv2_dead_ratio_difference,conv2_average_sparsity_difference,conv2_average_activation_variance_difference,fc1_dead_ratio_difference,fc1_average_sparsity_difference,fc1_average_activation_variance_difference
101,True,1000,0.9818,0.9832,0.0013999999999999568,0.9807355516637478,0.9883245767659078,0.9829253240074058,0.9777823493108414,0.007589025102159974,0.00514297469656444,0.005184164291061465,0.02850000001490116,0.01367515219271899,0.9902438983178776,0.9301536133802555,0.8324447192018722,0.7845003265214539,0.11870083370893614,1.272422194480896,0.03125,0.17317089563402988,0.01005368594865863,0.015625,0.002499721010579492,0.006566505466262508,0.0390625,0.02453515598381273,0.010116545641510877
202,True,2500,0.9858,0.9843,0.0015000000000000568,0.9902704806382565,0.9867678536680288,0.9810738531166426,0.9816910100802304,0.00350262697022774,0.0006171569635877727,0.006700384164648132,0.020999999716877937,0.011869294376003132,0.9923830980089836,0.9616023246601186,0.8192553318864947,0.8552641417027845,0.1095711717266934,1.2780815362930298,0.125,0.03287452000608937,0.006526240372245695,0.078125,0.00024485796900819423,0.0032514554603958468,0.15625,0.043812499334308086,0.11461788795609174
303,True,5000,0.986,0.9854,0.0005999999999999339,0.99241097489784,0.9916326133489005,0.9792223822258794,0.9788109442501542,0.0007783615489395102,0.0004114379757251818,0.006347132573230198,0.027000000700354576,0.015878885289214554,0.9905669228589496,0.9025843457372713,0.8218044315447801,0.7817973585191158,0.1378056113589743,1.281204342842102,0.0,0.06258864863411873,0.002693111346530941,0.015625,0.004865114811842375,0.012965042486986086,0.0234375,0.004355468416633812,0.11196891694550981
404,True,500,0.9797,0.9811,0.0013999999999999568,0.9784004670169294,0.985016540182915,0.9810738531166426,0.976959473359391,0.006616073165985559,0.004114379757251596,0.004107815850339834,0.03350000083446503,0.018853988460149153,0.9124929521288412,0.8716852505026645,0.8299100924088024,0.8359152667517878,0.14920232854426652,1.3162115812301636,0.15625,0.19761033265140782,0.026720326867563052,0.078125,0.016122090196375893,0.011776565425396082,0.1953125,0.0608164064774428,0.07297258356697345
505,True,10000,0.9869,0.9858,0.0010999999999999899,0.9904650710254913,0.9916326133489005,0.9831310429952684,0.9796338202016046,0.0011675423234092097,0.0034972227936638234,0.003168620335547434,0.02199999988079071,0.012851375766580738,0.9873306015658695,0.9566319141080568,0.7882703000665616,0.6977318666151564,0.12754889291269078,1.3042323589324951,0.0625,0.1462389389659009,0.022838052306847545,0.15625,0.0014974888540493225,0.02687253731493465,0.28125,0.08001562393792483,0.12970404880873065
606,True,2500,0.9837,0.9837,0.0,0.9889083479276124,0.987935395991438,0.9781937872865666,0.9792223822258794,0.0009729519361744154,0.0010285949393128435,0.0009458392503205668,0.029999999329447746,0.016219537791059953,0.9763282627823883,0.8962316574412995,0.8211166791346817,0.8052346940167786,0.1413258317120094,1.3041049242019653,0.03125,0.09778554824879393,0.0025761809210962383,0.046875,0.0016325332659405944,0.009131312507049197,0.140625,0.03605078068676448,0.18979598180940638
707,True,5000,0.9846,0.9842,0.00040000000000006697,0.9912434325744308,0.9904650710254913,0.9775766303229788,0.9775766303229788,0.0007783615489395102,0.0,0.003862012843463533,0.03099999949336052,0.017242083323984074,0.9891334947174217,0.9390300712239038,0.8035270518071832,0.8237471638459084,0.1287214384844565,1.3035576343536377,0.09375,0.09098943944007942,0.008703496939227395,0.015625,0.003987523924692482,0.008546960892266642,0.0390625,0.02076953146206506,0.11660464440454144
808,False,,,,,,,,,,,,,,,,,,,,,,,,,,,,
909,True,2500,0.9848,0.9829,0.0019000000000000128,0.987935395991438,0.9859894921190894,0.9814852910923678,0.9796338202016046,0.0019459038723486088,0.0018514708907632071,0.0045989909546857236,0.032999999821186066,0.01629921114914903,0.9948294578206482,0.9146563687622609,0.8180035583812718,0.7791134805675282,0.13367003642823372,1.2979930639266968,0.03125,0.02239070283201272,0.02146430359924892,0.09375,0.0007326209589209043,0.0014788872620404708,0.078125,0.012613281662652298,0.10142299654035014
1010,True,5000,0.9851,0.984,0.0010999999999999899,0.9931893364467795,0.9867678536680288,0.9765480353836659,0.9810738531166426,0.0064214827787507645,0.004525817732976778,0.003924906605761495,0.029500000178813934,0.015181961233979706,0.9898772549500061,0.9288082015568004,0.8099555958255639,0.7718321779527086,0.1306181013088179,1.288521409034729,0.0,0.11065763422993768,0.02553374606907255,0.21875,0.0015324854934206655,0.024494428105987592,0.015625,0.0098867185488416,1.0409300284686065
1111,False,,,,,,,,,,,,,,,,,,,,,,,,,,,,
1212,True,500,0.9759,0.9764,0.000500000000000056,0.9795680093403386,0.9871570344424986,0.9720222176506892,0.9650277720633614,0.007589025102159974,0.006994445587327758,0.0011289500847458944,0.04749999940395355,0.02655881954089107,0.9955467655140217,0.7912251454192494,0.7856816364317076,0.8097148510817199,0.2115466090745215,1.3153607845306396,0.0,0.06814994767728422,0.014808238325160872,0.0625,0.0031008052145082843,0.008246438068449692,0.421875,0.10426562520115112,0.18234768834713067
1313,True,2500,0.9876,0.9883,0.0006999999999999229,0.9912434325744308,0.9926055652850749,0.9837481999588562,0.9837481999588562,0.001362132710644115,0.0,0.0004886319542361864,0.023499999195337296,0.012234918649020859,0.9766858088552987,0.9225624788302802,0.8415238879683239,0.8248943587284849,0.1179568166006979,1.2750837802886963,0.03125,0.1768980170882628,0.035591099439333446,0.03125,0.001700574169674951,0.03621750228465813,0.03125,0.05978906277914575,0.5685684499735464
1414,True,500,0.981,0.9803,0.0007000000000000339,0.9859894921190894,0.9900758902510216,0.9757251594322156,0.9699650277720634,0.004086398131932234,0.005760131660152212,0.0010509497193619613,0.03150000050663948,0.015308611815915932,0.9916442695093385,0.9505545189770885,0.8435395590672627,0.8513873263704832,0.10295296097782436,1.2864696979522705,0.0625,0.17798557259536096,0.00334438118774244,0.015625,0.0025176180473849286,0.006143321742290431,0.09375,0.011964843629812094,0.05856072788644484
1515,True,1000,0.9744,0.9731,0.0013000000000000789,0.9861840825063242,0.9805409612765129,0.9619419872454228,0.965233491051224,0.005643121229811254,0.0032915038058012325,0.004443078530579805,0.04149999842047691,0.021729831521430272,0.9807556976503988,0.8829448143524175,0.7808653829738051,0.8047420912613221,0.16809490133688865,1.2766203880310059,0.0,0.05750781821552664,0.0081451900182401,0.03125,0.0008962050430199042,0.00036799545944990464,0.0625,0.012316405944147846,0.13153559747577037
1616,True,2500,0.9844,0.9828,0.0016000000000000458,0.9935785172212492,0.9896867094765519,0.9746965644929027,0.975519440444353,0.0038918077446973287,0.0008228759514503636,0.0018090834419126622,0.027000000700354576,0.016254666788056114,0.9609905205909395,0.8631013344426247,0.7976722921406361,0.7669590073416668,0.16961318670836967,1.2774099111557007,0.0,0.09898488026101404,0.015521126951833608,0.0625,0.0006629067199739325,0.02622819163095967,0.0234375,0.019984372951057594,0.45414846730851144
1717,False,,,,,,,,,,,,,,,,,,,,,,,,,,,,
1818,True,2500,0.9799,0.9804,0.000500000000000056,0.9846273594084453,0.9869624440552637,0.9749022834807652,0.9734622505657272,0.0023350846468184194,0.0014400329150380253,0.0027549659531330706,0.02850000001490116,0.014836867716786698,0.9927510797679394,0.9548944629603231,0.808778589563493,0.7097282013802182,0.11816347373809188,1.3031437397003174,0.09375,0.10463396742346731,0.008879235840320465,0.078125,0.0017931682489518153,0.019009802915125426,0.21875,0.06448046729110501,0.13691555231213526
1919,False,,,,,,,,,,,,,,,,,,,,,,,,,,,,
2020,True,500,0.9788,0.9779,0.0009000000000000119,0.9801517805020432,0.9817085035999221,0.9773709113351162,0.9738736885414524,0.0015567230978789093,0.0034972227936638234,0.008677658107876782,0.03449999913573265,0.018524514525205007,0.9654886326433719,0.8760849274964595,0.8150223896651148,0.8015613167068665,0.15444634141921287,1.2800710201263428,0.0,0.1659490141832407,0.03185836774881876,0.015625,0.0010236365758373722,0.03762245878132864,0.234375,0.04656250043717591,0.7374806684525064
