seed,relaxation_step,full_accuracy_sabc,full_accuracy_sbac,full_accuracy_difference,A_accuracy_sabc,A_accuracy_sbac,B_accuracy_sabc,B_accuracy_sbac,A_accuracy_difference,B_accuracy_difference,full_loss_difference,prediction_disagreement,js_divergence,cka_conv1,cka_conv2,cka_fc1,cka_logits,representation_history_score,normalized_weight_distance,conv1_dead_ratio_difference,conv1_average_sparsity_difference,conv1_average_activation_variance_difference,conv2_dead_ratio_difference,conv2_average_sparsity_difference,conv2_average_activation_variance_difference,fc1_dead_ratio_difference,fc1_average_sparsity_difference,fc1_average_activation_variance_difference
101,0,0.4814,0.5114,0.02999999999999997,0.0,0.9951352403191283,0.9903312075704588,0.0,0.9951352403191283,0.9903312075704588,4.924770613098145,1.0,0.6926366648853397,0.9810667691248975,0.5465753676248455,0.42756839094466487,0.26494180228867115,0.5129281207152449,1.2840995788574219,0.0,0.16142819412925746,0.1318226464744825,0.03125,0.001413903127073013,0.10387758137871546,0.1328125,0.020476563109696144,1.6483017393142485
101,100,0.9631,0.9507,0.012399999999999967,0.9747032496594669,0.9723681650126483,0.9508331619008434,0.9277926352602345,0.0023350846468185305,0.02304052664060896,0.041293042901158344,0.06750000268220901,0.037475082372500065,0.9977171605146795,0.8572759686797067,0.7721149231421423,0.7303647924523647,0.18530455408907553,1.2674552202224731,0.0,0.2246975688913153,0.07289153079632271,0.046875,0.0037415894267809335,0.01376003329616034,0.171875,0.010410157565274858,0.09534372367516997
101,500,0.9789,0.9761,0.0028000000000000247,0.9875462152169683,0.9817085035999221,0.9697593087842008,0.970170746759926,0.00583771161704616,0.0004114379757251818,0.006956799470260747,0.03500000014901161,0.01790946488813205,0.9903865755408202,0.9512428719342955,0.8342947025572246,0.792167362808993,0.10723121275423997,1.2706902027130127,0.0,0.24843692012473184,0.03465296534200535,0.015625,0.00682035230462219,0.007188143739472297,0.109375,0.025496095358448656,0.10342486313548083
101,1000,0.9818,0.9832,0.0013999999999999568,0.9807355516637478,0.9883245767659078,0.9829253240074058,0.9777823493108414,0.007589025102159974,0.00514297469656444,0.005184164291061465,0.02850000001490116,0.01367515219271899,0.9902438983178776,0.9301536133802555,0.8324447192018722,0.7845003265214539,0.11870083370893614,1.272422194480896,0.03125,0.17317089563402988,0.01005368594865863,0.015625,0.002499721010579492,0.006566505466262508,0.0390625,0.02453515598381273,0.010116545641510877
101,2500,0.9869,0.9854,0.0014999999999999458,0.9914380229616657,0.9892975287020821,0.9821024480559556,0.9812795721045052,0.002140494259583625,0.0008228759514503636,0.0021913232712657132,0.0215000007301569,0.011227675510445718,0.9967591882721701,0.9075239163231071,0.8191263526433208,0.7973638950066834,0.13667486551678598,1.2803841829299927,0.03125,0.1574337715137517,0.001497239666047534,0.0,8.525992713259711e-05,0.004657958306619928,0.09375,0.0005117189216434781,0.0945646234549895
101,5000,0.9849,0.9872,0.0022999999999999687,0.9912434325744308,0.9916326133489005,0.9781937872865666,0.9825138860316808,0.00038918077446969956,0.004320098745114187,0.018912359219751082,0.02800000086426735,0.016536937885070997,0.9984081288788166,0.9038237504749596,0.7933324552379154,0.7867612750294612,0.15142189714356258,1.2875149250030518,0.03125,0.13104537584058562,0.008938637766490842,0.0,0.0011694435559022054,0.0024838104656001725,0.140625,0.009406249299445335,0.36412126634589814
101,10000,0.9887,0.9882,0.000500000000000056,0.9916326133489005,0.9926055652850749,0.9855996708496194,0.9835424809709936,0.0009729519361744154,0.002057189878625798,0.001769734654996885,0.016499999910593033,0.011155264083971245,0.9960419179026246,0.8771320865511824,0.8075915361501447,0.7779340917541875,0.15763818864933654,1.3001359701156616,0.03125,0.1063053048637812,0.006120938819755395,0.0,0.0015226803230774522,0.00851988398843645,0.15625,0.004179688865406206,0.6444836767668054
202,0,0.4802,0.5124,0.03219999999999995,0.0,0.997081144191477,0.9878625797161078,0.0,0.997081144191477,0.9878625797161078,0.2247898132324213,1.0,0.6925493277549352,0.9942661062244423,0.935843928504192,0.400815987655933,0.16198898281261095,0.33167004191993754,1.2603830099105835,0.03125,0.01972339628446207,0.02218692337462702,0.078125,0.007065449349482833,0.0460959501283803,0.3515625,0.06833984372769919,0.7515580119231084
202,100,0.9455,0.9517,0.006199999999999983,0.9414282934423039,0.9540766686125706,0.9498045669615306,0.9491874099979428,0.012648375170266624,0.0006171569635877727,0.02299758678674696,0.08500000089406967,0.04345020723557747,0.997755037841884,0.9575439622264145,0.8066116471589515,0.814180117356336,0.11792219530731707,1.252228021621704,0.03125,0.02774968864287075,0.016375945617770782,0.046875,0.005894211951840589,0.012355230821373745,0.28125,0.06782421932848592,0.06788030042749871
202,500,0.9785,0.9745,0.0040000000000000036,0.9799571901148083,0.9857949017318545,0.976959473359391,0.9625591442090105,0.00583771161704616,0.014400329150380586,0.01789072560220957,0.03849999979138374,0.017192779309120866,0.9973295445573709,0.9725257632962061,0.8511653126554002,0.8556950915506295,0.08815446202419686,1.2596970796585083,0.09375,0.06294243990805626,0.026830132815383045,0.0625,0.002921516314358996,0.017282944020996775,0.1796875,0.03773828180237615,0.37329393508526787
202,1000,0.9813,0.9788,0.0024999999999999467,0.985016540182915,0.9799571901148083,0.9773709113351162,0.9775766303229788,0.0050593500681066494,0.0002057189878625909,0.0008123655222356391,0.020999999716877937,0.011625720565244026,0.9936170438811471,0.95258120023004,0.8598345042551798,0.8724696731305258,0.09379214775739009,1.2655785083770752,0.09375,0.07216881051567725,0.020028356842080264,0.046875,0.0026817203773035203,0.0014313385080713253,0.1171875,0.04220703141436388,0.10062634423073447
202,2500,0.9858,0.9843,0.0015000000000000568,0.9902704806382565,0.9867678536680288,0.9810738531166426,0.9816910100802304,0.00350262697022774,0.0006171569635877727,0.006700384164648132,0.020999999716877937,0.011869294376003132,0.9923830980089836,0.9616023246601186,0.8192553318864947,0.8552641417027845,0.1095711717266934,1.2780815362930298,0.125,0.03287452000608937,0.006526240372245695,0.078125,0.00024485796900819423,0.0032514554603958468,0.15625,0.043812499334308086,0.11461788795609174
202,5000,0.9836,0.9826,0.0010000000000000009,0.9854057209573847,0.9822922747616267,0.9816910100802304,0.9829253240074058,0.0031134461957579296,0.0012343139271754344,0.0026205220476782365,0.02500000037252903,0.014965007069371488,0.9864581210145523,0.9590761935846365,0.7908783031808485,0.808661417681766,0.1250227516172575,1.2925688028335571,0.125,0.08769345387577232,0.00547687024816379,0.09375,0.001031449276588603,0.00475316483223491,0.1484375,0.03208984334787601,0.10347760396142336
202,10000,0.985,0.9823,0.0027000000000000357,0.989492119089317,0.9854057209573847,0.9802509771651924,0.9790166632380168,0.004086398131932345,0.0012343139271755454,0.018517955893273597,0.02449999935925007,0.01484189511719037,0.9792670240266316,0.929277705595985,0.8048268605979372,0.7979084693554975,0.13294771690303886,1.3077949285507202,0.09375,0.03493006707731183,0.003336638203887521,0.078125,0.00028802625134005666,0.009972807232303288,0.1484375,0.03423828056702405,0.20981540283928446
303,0,0.4813,0.5122,0.030899999999999983,0.0,0.9966919634170072,0.9901254885825962,0.0,0.9966919634170072,0.9901254885825962,1.0128194580078116,1.0,0.6930357746774695,0.9897975748319316,0.8340195390030362,0.4545803297605973,0.24704109622824313,0.35570006561818324,1.2375338077545166,0.0,0.012313473844187683,0.020317250511183715,0.125,0.0030948660865419697,0.06239749617151566,0.1015625,0.04422656240285505,1.1676395847969403
303,100,0.9568,0.9498,0.007000000000000006,0.966919634170072,0.9529091262891614,0.9461016251800041,0.9465130631557293,0.014010507880910628,0.0004114379757251818,0.024158379387855533,0.08100000023841858,0.042390180915084084,0.9958528141300611,0.8312008009625061,0.7746247349154314,0.7393527961061608,0.1970872320610313,1.247344970703125,0.0,0.024391264963924186,0.006469461382437203,0.046875,0.0009243861445114021,0.0015742567288792066,0.0390625,0.012613282559868821,0.28847760232727837
303,500,0.974,0.9782,0.0041999999999999815,0.9844327690212104,0.98482194979568,0.9629705821847356,0.9711993416992388,0.00038918077446969956,0.008228759514503192,0.006978875148296357,0.04050000011920929,0.021618079535885674,0.9882509644397521,0.8754528616748581,0.8165110931991527,0.7865148997411551,0.15401802256299457,1.2519639730453491,0.0,0.052726107511261944,0.0070086398011284246,0.0,0.005583506098481905,0.012768313657693514,0.0,0.01772265672798312,0.15949127663887053
303,1000,0.9832,0.9801,0.0030999999999999917,0.9863786728935591,0.9883245767659078,0.9798395391894672,0.9714050606871014,0.0019459038723487199,0.008434478502365783,0.00931545415557921,0.025499999523162842,0.015896996454411814,0.9881077346594865,0.9198491510750251,0.8252394998854329,0.789554234606915,0.12745567451977102,1.2554851770401,0.0,0.03519120097553241,7.213579341680543e-05,0.03125,0.0021967872650421327,0.0048216614313247586,0.0546875,0.0136835926796266,0.35069460738202585
303,2500,0.9856,0.9803,0.005300000000000082,0.9869624440552637,0.983459817085036,0.9841596379345814,0.976959473359391,0.003502626970227629,0.007200164575190349,0.01510552179075312,0.03400000184774399,0.017287709868715397,0.9900075210462096,0.8950694485344857,0.7984895500059218,0.7860990643362251,0.1532205007297962,1.265820860862732,0.0,0.03562344557030883,0.005317668705998813,0.046875,0.002105787589506747,0.009273974339930824,0.015625,0.014941407271180651,0.16363733751294118
303,5000,0.986,0.9854,0.0005999999999999339,0.99241097489784,0.9916326133489005,0.9792223822258794,0.9788109442501542,0.0007783615489395102,0.0004114379757251818,0.006347132573230198,0.027000000700354576,0.015878885289214554,0.9905669228589496,0.9025843457372713,0.8218044315447801,0.7817973585191158,0.1378056113589743,1.281204342842102,0.0,0.06258864863411873,0.002693111346530941,0.015625,0.004865114811842375,0.012965042486986086,0.0234375,0.004355468416633812,0.11196891694550981
303,10000,0.9848,0.9849,9.999999999998899e-05,0.9891029383148473,0.9869624440552637,0.9802509771651924,0.9827196050195433,0.002140494259583625,0.002468627854350869,0.0043228972929580806,0.027499999850988388,0.015542123298879634,0.989555084787927,0.8726294924676267,0.7895003586799013,0.777417338333764,0.168935074426236,1.2978967428207397,0.0,0.00836073038590257,0.00251143037198176,0.0,8.530268431172772e-06,0.028068037073419344,0.015625,0.005992187869196641,0.5083182472200276
404,0,0.4803,0.5114,0.03109999999999996,0.0,0.9951352403191283,0.9880682987039704,0.0,0.9951352403191283,0.9880682987039704,1.8930644386291497,1.0,0.6926105515525673,0.963834049286504,0.7139717171591137,0.4619998149258792,0.2093306987454328,0.4120142339575036,1.3049267530441284,0.15625,0.34469125163235503,0.04124868481123013,0.0625,0.005210817875095586,0.03705046702121981,0.375,0.06992968824533818,0.38505801014430174
404,100,0.9591,0.9503,0.008799999999999919,0.9624440552636699,0.9595251994551469,0.9555646986216828,0.9405472125077144,0.0029188558085230243,0.015017486113968359,0.028340228456258776,0.07850000262260437,0.038535976890209774,0.8776238591461325,0.8076070010784976,0.7965202405942379,0.7817343890806817,0.19793637916363227,1.3150603771209717,0.15625,0.16116726872164122,0.03381241687535887,0.078125,0.0228814968032367,0.010802583948308839,0.2109375,0.09027734398796383,0.013768480602352362
404,500,0.9797,0.9811,0.0013999999999999568,0.9784004670169294,0.985016540182915,0.9810738531166426,0.976959473359391,0.006616073165985559,0.004114379757251596,0.004107815850339834,0.03350000083446503,0.018853988460149153,0.9124929521288412,0.8716852505026645,0.8299100924088024,0.8359152667517878,0.14920232854426652,1.3162115812301636,0.15625,0.19761033265140782,0.026720326867563052,0.078125,0.016122090196375893,0.011776565425396082,0.1953125,0.0608164064774428,0.07297258356697345
404,1000,0.9822,0.9778,0.0043999999999999595,0.9857949017318545,0.985016540182915,0.9783995062744292,0.970170746759926,0.0007783615489395102,0.008228759514503192,0.01644663042351604,0.03500000014901161,0.018206190780620114,0.9088421858327191,0.8784639807496329,0.8341108897225837,0.7947477276384165,0.14371256476389171,1.3171559572219849,0.15625,0.21065852410120556,0.018124121308200535,0.0625,0.01801347242938789,0.0127291471145341,0.1875,0.04021484506620254,0.14367470345152822
404,2500,0.9849,0.985,9.999999999998899e-05,0.9885191671531426,0.9918272037361354,0.9810738531166426,0.9777823493108414,0.003308036582992835,0.0032915038058012325,0.003164808357856236,0.02500000037252903,0.013041376832306502,0.8947631948931052,0.9320681962376972,0.8074863883765825,0.8048188284627878,0.13022270769286015,1.321475625038147,0.1875,0.15929533612747093,0.025142146056152302,0.078125,0.01118578579436047,0.02641382247830658,0.1015625,0.03687890582386899,0.6203312578678437
404,5000,0.9859,0.987,0.0010999999999999899,0.9904650710254913,0.9869624440552637,0.9810738531166426,0.9870397037646574,0.003502626970227629,0.005965850648014803,0.004157397101662352,0.019500000402331352,0.011114303018579803,0.911752245193376,0.9141468812939708,0.7993850823263985,0.7846666901224796,0.1432340181898153,1.325355887413025,0.1875,0.21217610148504207,0.01800710061279625,0.09375,0.007179488061645145,0.033263757819374976,0.140625,0.032667967675024556,0.8014548100566747
404,10000,0.9858,0.9879,0.0020999999999999908,0.9902704806382565,0.9926055652850749,0.9810738531166426,0.9829253240074058,0.0023350846468184194,0.0018514708907632071,0.013862971203353433,0.02199999988079071,0.012630644103025886,0.940060939283767,0.8683557405699064,0.7734314217915902,0.7294144951102395,0.1791064188192517,1.3307883739471436,0.1875,0.15260841924272484,0.024664803686927833,0.078125,0.011677495124047255,0.029741053502142456,0.140625,0.03575781266636113,0.808504193360756
505,0,0.4812,0.5106,0.029400000000000037,0.0,0.9935785172212492,0.9899197695947336,0.0,0.9935785172212492,0.9899197695947336,1.0573584587097162,1.0,0.6923085907977905,0.9730944500926293,0.88117545059688,0.43245094362744,0.14075582378450288,0.34318680288784,1.2648320198059082,0.03125,0.13485662297227918,0.073258905715329,0.015625,0.0025921555078411984,0.05768657180225631,0.2734375,0.13408593620715692,0.32557473791702707
505,100,0.9562,0.9446,0.011600000000000055,0.9748978400467017,0.957968476357268,0.9364328327504629,0.930466982102448,0.016929363689433652,0.005965850648014803,0.035577911187708366,0.08150000125169754,0.044689883784306945,0.9516475055481763,0.9108623515765489,0.7597233321466615,0.6932956898218782,0.16470715813839476,1.2645983695983887,0.0625,0.18393691354052066,0.05963096054527184,0.203125,0.0015333625112390337,0.02852291552222952,0.2890625,0.13584765461928328,0.7087326265589036
505,500,0.9774,0.9725,0.0049000000000000155,0.9885191671531426,0.9881299863786729,0.9656449290269492,0.955976136597408,0.00038918077446969956,0.009668792429541218,0.0137034876998514,0.035999998450279236,0.01647489912630841,0.9928162716106687,0.9679174800203144,0.806722430344851,0.7794054050849164,0.11268004481741722,1.2703955173492432,0.0625,0.1005936936781211,0.03685954934027724,0.1875,0.0009032208929937724,0.01734754227624124,0.3125,0.1172656235244176,0.4830141837512405
505,1000,0.9803,0.977,0.0032999999999999696,0.9824868651488616,0.9791788285658688,0.977988068298704,0.9746965644929027,0.003308036582992835,0.0032915038058013435,0.009456230316311126,0.039500001817941666,0.018633740906846268,0.9791248849267438,0.9397363743465676,0.817272700873028,0.7381192968882014,0.12149546239020226,1.2737414836883545,0.0625,0.1291718782863711,0.02131466963321249,0.15625,0.002039142394764326,0.013547306877842877,0.3203125,0.1083750007855997,0.3940648781605778
505,2500,0.9844,0.9823,0.002100000000000102,0.9854057209573847,0.9856003113446196,0.983336761983131,0.9788109442501542,0.0001945903872349053,0.004525817732976778,0.016281842849319217,0.032499998807907104,0.014339312305261306,0.9924432814101212,0.9753431583965658,0.8479151103018086,0.7583318176187542,0.08837086565081287,1.281369686126709,0.0625,0.1227171683411612,0.012710670409636027,0.15625,0.0037493224718829765,3.761072798932896e-05,0.3515625,0.10266796860651084,0.1417493109602317
505,5000,0.9812,0.9844,0.0032000000000000917,0.9842381786339754,0.9857949017318545,0.977988068298704,0.9829253240074058,0.0015567230978790203,0.004937255708701849,0.00908081197910069,0.030500000342726707,0.017219598714290008,0.9870315808519657,0.9532142076064011,0.7964233732553406,0.7830822709485484,0.12518120956912915,1.2912168502807617,0.0625,0.12748624803493414,0.010660435660041823,0.1875,0.0046116072662272245,0.015773809014193396,0.3046875,0.08514453171028435,1.3173657729011703
505,10000,0.9869,0.9858,0.0010999999999999899,0.9904650710254913,0.9916326133489005,0.9831310429952684,0.9796338202016046,0.0011675423234092097,0.0034972227936638234,0.003168620335547434,0.02199999988079071,0.012851375766580738,0.9873306015658695,0.9566319141080568,0.7882703000665616,0.6977318666151564,0.12754889291269078,1.3042323589324951,0.0625,0.1462389389659009,0.022838052306847545,0.15625,0.0014974888540493225,0.02687253731493465,0.28125,0.08001562393792483,0.12970404880873065
606,0,0.483,0.511,0.028000000000000025,0.0,0.9943568787701887,0.99362271137626,0.0,0.9943568787701887,0.99362271137626,0.11373269805908137,1.0,0.6915931322021742,0.9669819181734889,0.915989430879154,0.4713705197191816,0.23070979299567096,0.3063200247008322,1.2961722612380981,0.0,0.1494578926867689,0.07492686260141568,0.015625,0.005353077117639771,0.11838514036005987,0.2890625,0.1376679683698967,1.6271151567508366
606,100,0.948,0.9571,0.009099999999999997,0.9416228838295388,0.9653629110721931,0.9547418226702324,0.9483645340464925,0.023740027242654227,0.006377288623739985,0.022230449122190465,0.0860000029206276,0.04222472146435626,0.9756149273222233,0.8539237435690521,0.8143622898987704,0.7327982695192936,0.16585698326608878,1.2853875160217285,0.0,0.21656636437546695,0.0130417823399398,0.078125,0.0008433912131948773,0.02042278188686275,0.125,0.06415234437372419,0.28849548544288905
606,500,0.9748,0.9773,0.0024999999999999467,0.9750924304339366,0.9867678536680288,0.9744908455050401,0.9672906809298498,0.011675423234092208,0.007200164575190238,0.008233314874768263,0.04450000077486038,0.022097805542521512,0.9738627622056679,0.9226554044904588,0.851111089978071,0.7958573611413573,0.11311675276573507,1.2917859554290771,0.03125,0.18456623039674014,0.0037901970015923325,0.109375,0.0010239556870743627,0.01005030065263661,0.1328125,0.05608593852866761,0.1218391421198719
606,1000,0.9794,0.982,0.0025999999999999357,0.9826814555360965,0.986573263280794,0.9759308784200782,0.9771651923472536,0.0038918077446974397,0.0012343139271754344,0.009166006625350567,0.04100000113248825,0.019700952800010343,0.981843298112666,0.9004557273696903,0.8417292048929265,0.7960074612126716,0.12890753386869158,1.2973438501358032,0.03125,0.11623505500028841,0.0057432473054177535,0.046875,0.0007545441006726605,0.0028762908391981867,0.1640625,0.0455156244374848,0.0329253396479503
606,2500,0.9837,0.9837,0.0,0.9889083479276124,0.987935395991438,0.9781937872865666,0.9792223822258794,0.0009729519361744154,0.0010285949393128435,0.0009458392503205668,0.029999999329447746,0.016219537791059953,0.9763282627823883,0.8962316574412995,0.8211166791346817,0.8052346940167786,0.1413258317120094,1.3041049242019653,0.03125,0.09778554824879393,0.0025761809210962383,0.046875,0.0016325332659405944,0.009131312507049197,0.140625,0.03605078068676448,0.18979598180940638
606,5000,0.983,0.9843,0.0012999999999999678,0.9869624440552637,0.9914380229616657,0.9788109442501542,0.9767537543715284,0.004475578906402045,0.002057189878625798,0.007999258248737887,0.03700000047683716,0.019944226872562885,0.9759946003941632,0.9115910553028674,0.8054918848601267,0.7635559948634684,0.14145852991850294,1.3150224685668945,0.03125,0.09616434178315103,0.0006859344721306115,0.046875,0.0027038425792156318,0.005775822396880528,0.125,0.029148436921332177,0.11834754262494052
606,10000,0.9838,0.983,0.0008000000000000229,0.9883245767659078,0.9856003113446196,0.9790166632380168,0.9802509771651924,0.00272426542128823,0.0012343139271755454,0.002700249244897715,0.03150000050663948,0.01900755880542605,0.9876811117371185,0.9102000655696876,0.791437347059237,0.7705829546394382,0.14918129368553767,1.3244301080703735,0.03125,0.12156583002069965,0.007257431067046127,0.046875,0.0009796714717751343,0.014742130731130842,0.1640625,0.029777343523164745,0.9434298916053203
707,0,0.4814,0.5114,0.02999999999999997,0.0,0.9951352403191283,0.9903312075704588,0.0,0.9951352403191283,0.9903312075704588,4.26258376159668,1.0,0.6923735913199808,0.9725452364226703,0.6727241123840735,0.3707879444940422,0.17931255966021165,0.4782439715609421,1.282387375831604,0.0,0.10091818735946845,0.0051985035543608005,0.015625,0.002110172292240975,0.03721997463319962,0.1484375,0.011375000102816557,1.159510053796215
707,100,0.948,0.9332,0.014799999999999924,0.9599143802296166,0.9490173185444639,0.93540423781115,0.9164780909277926,0.010897061685152698,0.018926146883357364,0.031520781961083405,0.10400000214576721,0.05555739083399126,0.9962837736140087,0.8641621283350585,0.7384441575135463,0.6576149382191038,0.19869685707569762,1.2758584022521973,0.03125,0.10934004524877139,0.02421092606564984,0.015625,0.003002471297790521,0.02230087276060929,0.0390625,0.08424999924181975,0.5839566494908078
707,500,0.9773,0.97,0.007299999999999973,0.9857949017318545,0.9712006226892391,0.9683192758691628,0.9687307138448878,0.014594279042615343,0.0004114379757250708,0.0208384550165385,0.048500001430511475,0.025234504377735754,0.9626863257332939,0.8854186038247517,0.8209427365690948,0.8159983971936705,0.14681932980307677,1.2816181182861328,0.0625,0.16860120243062227,0.00964059718905294,0.015625,0.00022273580960785466,0.0036540683906924817,0.1015625,0.05722656088937583,0.0353150849340631
707,1000,0.9801,0.9826,0.0025000000000000577,0.9857949017318545,0.9877408056042032,0.974079407529315,0.9771651923472536,0.0019459038723487199,0.0030857848179386416,0.007204236946161832,0.03400000184774399,0.01738991188906913,0.9791539043410656,0.9326515736727246,0.8189257928392548,0.845467523177451,0.12421131674401031,1.2844616174697876,0.09375,0.18481453542493398,0.006606537307768334,0.015625,0.0028879544686120084,0.00033597443439607744,0.1015625,0.05429297023874824,0.08356755930437498
707,2500,0.9802,0.9847,0.0045000000000000595,0.9877408056042032,0.9902704806382565,0.9722279366385518,0.9788109442501542,0.0025296750340533247,0.006583007611602465,0.014408148781722405,0.029999999329447746,0.014913952950564675,0.9903189067091401,0.9192534933788569,0.8035405106604644,0.8380119763011453,0.13860299798033937,1.2920562028884888,0.0625,0.096902538661368,0.011696508000443917,0.0,0.0002674586463342621,0.022974606143909213,0.0,0.04462109325277197,0.7436500590820594
707,5000,0.9846,0.9842,0.00040000000000006697,0.9912434325744308,0.9904650710254913,0.9775766303229788,0.9775766303229788,0.0007783615489395102,0.0,0.003862012843463533,0.03099999949336052,0.017242083323984074,0.9891334947174217,0.9390300712239038,0.8035270518071832,0.8237471638459084,0.1287214384844565,1.3035576343536377,0.09375,0.09098943944007942,0.008703496939227395,0.015625,0.003987523924692482,0.008546960892266642,0.0390625,0.02076953146206506,0.11660464440454144
707,10000,0.9843,0.9865,0.0022000000000000908,0.9904650710254913,0.9912434325744308,0.9777823493108414,0.9814852910923678,0.0007783615489395102,0.0037029417815264143,0.021301447434389775,0.027499999850988388,0.015224149411502883,0.9847668372991529,0.9348520287136067,0.7812016842175323,0.7811928516063371,0.14197314353443047,1.3170112371444702,0.03125,0.06155581934768861,0.00244810498481135,0.015625,0.0026845502199037696,0.04148833786855652,0.0234375,0.02241406303437543,1.6538538529896716
808,0,0.4808,0.5109,0.030100000000000016,0.0001945903872348706,0.9941622883829538,0.9888911746554206,0.0,0.9939676979957189,0.9888911746554206,2.7741058319091785,1.0,0.692307066978149,0.9757330952569302,0.8899492948174257,0.5198794001695368,0.19537649759559306,0.29508565250651875,1.3386708498001099,0.125,0.1319116378420091,0.12431648482731333,0.03125,0.00039512871730806864,0.02049915910324558,0.25,0.09470312604707942,0.15519132683444425
808,100,0.9613,0.95,0.011300000000000088,0.971395213076474,0.9760653823701109,0.9506274429129808,0.9224439415758074,0.004670169293636839,0.0281835013371734,0.048478111454099415,0.07100000232458115,0.040081631871743115,0.9937289512065604,0.8639417479098941,0.7733012627038703,0.768871261023937,0.18137849469311784,1.3362165689468384,0.15625,0.185386283438433,0.01704714989076902,0.046875,0.0083050464198422,0.024930284868509386,0.25,0.04541406140242543,0.29750205912602135
808,500,0.9825,0.977,0.00550000000000006,0.9859894921190894,0.9826814555360965,0.9788109442501542,0.9709936227113762,0.003308036582992835,0.00781732153877801,0.017451551792025573,0.028999999165534973,0.016329678958229094,0.9907903113284594,0.9222822510866228,0.8359930536061808,0.8408862540799407,0.12086234765359816,1.3371652364730835,0.15625,0.13430022388091345,0.013131765360571354,0.03125,0.007413145866259185,0.0021551596768518144,0.15625,0.055937500160325726,0.19384376491760347
808,1000,0.9836,0.9765,0.007099999999999995,0.9908542517999611,0.983459817085036,0.9759308784200782,0.969142151820613,0.007394434714925069,0.006788726599465167,0.021573876061476767,0.02850000001490116,0.015705308609922614,0.9939359753288969,0.9616829268551857,0.8576000059503108,0.8124901718174677,0.09035853359725166,1.337950587272644,0.15625,0.09562083386229858,0.010658725314839412,0.03125,0.002968670152448283,0.01010828932201558,0.171875,0.05467578098296144,0.09668135406231615
808,2500,0.9878,0.9818,0.006000000000000005,0.9904650710254913,0.9817085035999221,0.9849825138860316,0.981896729068093,0.008756567425569184,0.0030857848179386416,0.020384688488132095,0.02500000037252903,0.013527390450584174,0.9954719555861917,0.9261861806995219,0.8324540510370834,0.8373343423388027,0.12067988413169739,1.3403279781341553,0.15625,0.11086501560961537,0.0050125581277215975,0.0625,0.0014184472348404142,0.0005502175493695693,0.1640625,0.05220312431674756,0.2320350612820814
808,5000,0.9878,0.9854,0.0023999999999999577,0.9912434325744308,0.987935395991438,0.9841596379345814,0.9827196050195433,0.003308036582992835,0.0014400329150381364,0.00014279590720507607,0.023000000044703484,0.012484660549686695,0.993930402304465,0.9396863653383545,0.8198858121911979,0.8226181521038156,0.12021391123522385,1.343173623085022,0.15625,0.09430785286118848,0.012477507197556026,0.078125,0.0001559707874605465,0.008546425113466344,0.1484375,0.04402343712445145,0.658190387639241
808,10000,0.9877,0.9848,0.0029000000000000137,0.9920217941233703,0.986573263280794,0.9831310429952684,0.9829253240074058,0.005448530842576349,0.0002057189878625909,0.009214101089948995,0.023499999195337296,0.01180595394778149,0.9940886075780239,0.9339968624885127,0.8015263518214089,0.8310681018616947,0.13223839284503924,1.3465461730957031,0.125,0.09009361114021885,0.015326245721124288,0.0625,0.0012990275092406023,0.010307464769179903,0.140625,0.0447226566725476,0.7039919314078897
909,0,0.4812,0.5114,0.03019999999999995,0.0,0.9951352403191283,0.9899197695947336,0.0,0.9951352403191283,0.9899197695947336,0.13965107421874912,1.0,0.6927249766081921,0.994964029269373,0.9349523271790545,0.43885808654981784,0.20492068094617122,0.3130947931355639,1.2851990461349487,0.0,0.06740594112488907,0.022334166446626114,0.0625,0.0031659758109015,0.003239685660612432,0.0078125,0.011046875704323611,0.1596524028227262
909,100,0.9645,0.9548,0.009700000000000042,0.9764545631445807,0.9696438995913602,0.9518617568401564,0.9391071795926764,0.006810663553220464,0.01275457724747997,0.024867524155974374,0.06949999928474426,0.03723187135670939,0.9844586011233026,0.9192858821990124,0.7871709357314841,0.6984462375171361,0.1467715910347518,1.2813663482666016,0.0,0.10401532516698353,0.006569309737187723,0.125,0.00016888529703606991,0.00017943495839747164,0.0859375,0.00011718747464328771,0.08439835657927341
909,500,0.98,0.9689,0.011099999999999999,0.9830706363105662,0.9766491535318156,0.9767537543715284,0.9607076733182472,0.006421482778750653,0.016046081053281203,0.023954798948392267,0.042500000447034836,0.021302888062302638,0.986825955031698,0.9213488940288133,0.8123662590632797,0.8123491772800434,0.13314242345395355,1.2860227823257446,0.0,0.08953909120464232,0.011426140440399024,0.09375,0.0024415657385503664,0.011000866313110369,0.0859375,0.003226563489079126,0.22397575687438942
909,1000,0.9866,0.9802,0.006400000000000072,0.9892975287020821,0.9871570344424986,0.9837481999588562,0.9728450936021394,0.002140494259583514,0.010903106356716763,0.022847862573200838,0.030500000342726707,0.01607022035136981,0.9930222293944372,0.9120240857922919,0.8133680757651764,0.8011388228278314,0.13730391922126584,1.2898162603378296,0.0,0.0541392848281248,0.01176781478660871,0.09375,0.001945352212779028,0.007187027009066309,0.0859375,0.022507812294406904,0.0071055997544700045
909,2500,0.9848,0.9829,0.0019000000000000128,0.987935395991438,0.9859894921190894,0.9814852910923678,0.9796338202016046,0.0019459038723486088,0.0018514708907632071,0.0045989909546857236,0.032999999821186066,0.01629921114914903,0.9948294578206482,0.9146563687622609,0.8180035583812718,0.7791134805675282,0.13367003642823372,1.2979930639266968,0.03125,0.02239070283201272,0.02146430359924892,0.09375,0.0007326209589209043,0.0014788872620404708,0.078125,0.012613281662652298,0.10142299654035014
909,5000,0.9872,0.9836,0.0035999999999999366,0.9937731076084841,0.9914380229616657,0.9802509771651924,0.9753137214564904,0.0023350846468184194,0.00493725570870196,0.01860346123873096,0.03350000083446503,0.017952326707794484,0.9986779183300741,0.8957380707306957,0.8098695935152583,0.7809438438967767,0.14719616787702305,1.3095884323120117,0.0,0.0058904452534989105,0.019741948232131712,0.0625,0.0003946507480847572,0.01583200027179614,0.125,0.020195312699797796,0.1630418449144857
909,10000,0.9889,0.9814,0.007499999999999951,0.9918272037361354,0.9828760459233314,0.985805389837482,0.9798395391894672,0.008951157812803978,0.005965850648014803,0.04356298435023255,0.029500000178813934,0.01652821304434093,0.9931386455748978,0.902705059376906,0.7962192196030509,0.8134239827105306,0.1505378605100216,1.3219934701919556,0.03125,0.025206209691759796,0.02116871429220296,0.078125,0.0002617583108559529,0.0077400821617451265,0.09375,0.003937499753192242,0.20258474256578385
1010,0,0.4823,0.5117,0.029400000000000037,0.0,0.9957190114808329,0.992182678461222,0.0,0.9957190114808329,0.992182678461222,0.7783506332397465,1.0,0.6918703211587756,0.9937854799689188,0.7311412981206836,0.4285300852318245,0.17726686660656352,0.42016430832374596,1.2629395723342896,0.0,0.009885680250590667,0.009742162786324116,0.03125,0.00017689750669092064,0.025184646797480323,0.1328125,0.004664063216750947,0.7206454354326106
1010,100,0.9523,0.9435,0.00880000000000003,0.9676979957190115,0.9616656937147305,0.9360213947747377,0.9242954124665707,0.006032302004280954,0.011725982308167016,0.029556817936897267,0.0885000005364418,0.04731003909084257,0.998038746638006,0.896179481566178,0.7886053966629732,0.6655849542225668,0.15760756088542438,1.2594335079193115,0.0,0.0001515621115686372,0.03500106500126776,0.0625,0.0028499283963938637,0.0028698590258019463,0.0078125,0.006328125548407115,0.11012890165021938
1010,500,0.9797,0.9677,0.01200000000000001,0.985016540182915,0.9803463708892781,0.974079407529315,0.9543303846945073,0.004670169293636839,0.019749022834807728,0.041191693571954964,0.050999999046325684,0.027927720855341547,0.9878957400697417,0.921945438962502,0.8010132084151128,0.755561548437407,0.13852067631119258,1.2646753787994385,0.0,0.09558000103061204,0.039449978986681344,0.078125,0.000409638590660677,0.04356133505024458,0.0078125,0.00863671880279071,0.9621075300522492
1010,1000,0.9804,0.9742,0.006200000000000094,0.9811247324382175,0.9762599727573458,0.9796338202016046,0.9720222176506892,0.004864759680871744,0.0076116025509154195,0.01881669116429984,0.04349999874830246,0.023539350911730476,0.9839219780402597,0.8684644139720216,0.8175394333668768,0.7914681914543015,0.15699807633055074,1.268890619277954,0.0,0.08832735401847458,0.027716497480014368,0.109375,0.0015288185134139098,0.022243580106081476,0.0234375,0.014300781588190148,0.6942930467649471
1010,2500,0.9851,0.9813,0.0038000000000000256,0.989492119089317,0.9787896477913991,0.980456696153055,0.9839539189467188,0.010702471297917904,0.0034972227936638234,0.005279220579471437,0.030500000342726707,0.01659706398255952,0.9891509548210143,0.9313331321673267,0.8030240929124787,0.779046459547771,0.1328213874600973,1.2777587175369263,0.0,0.06551835571281117,0.022047028793338086,0.140625,3.5874616131081893e-06,0.012246623759853803,0.0390625,0.006183594427511707,0.38888043198572797
1010,5000,0.9851,0.984,0.0010999999999999899,0.9931893364467795,0.9867678536680288,0.9765480353836659,0.9810738531166426,0.0064214827787507645,0.004525817732976778,0.003924906605761495,0.029500000178813934,0.015181961233979706,0.9898772549500061,0.9288082015568004,0.8099555958255639,0.7718321779527086,0.1306181013088179,1.288521409034729,0.0,0.11065763422993768,0.02553374606907255,0.21875,0.0015324854934206655,0.024494428105987592,0.015625,0.0098867185488416,1.0409300284686065
1010,10000,0.9851,0.9791,0.006000000000000005,0.9859894921190894,0.9805409612765129,0.9841596379345814,0.9775766303229788,0.00544853084257646,0.006583007611602576,0.04227978644137237,0.03400000184774399,0.020879152975406056,0.9944372203088845,0.8589548490127439,0.7971020518924482,0.7854678706068907,0.1719715495474039,1.3016941547393799,0.0,0.1406045509102114,0.016913085749365564,0.171875,0.0028921796082457263,0.0028718516913286557,0.0390625,0.01323437434484731,0.7108363609517063
1111,0,0.4795,0.5121,0.03260000000000002,0.0,0.9964973730297724,0.9864225468010698,0.0,0.9964973730297724,0.9864225468010698,0.06281156158447221,1.0,0.6898159824882871,0.9851422293090057,0.5658068129242626,0.39975124530042283,0.20244617798992395,0.5172209708876573,1.314430594444275,0.1875,0.31044790045476844,0.006352722825238383,0.046875,0.00299513710218946,0.0492953459188913,0.2734375,0.04539453124743886,0.8816137439968781
1111,100,0.9275,0.942,0.014499999999999957,0.9558279820976844,0.9601089706168515,0.8975519440444353,0.9228553795515326,0.004280988519167139,0.02530343550709735,0.05612344552278517,0.09849999845027924,0.04386175499414048,0.9698168856230319,0.9769237671173988,0.8196476045166731,0.7559616477983498,0.10171431418296406,1.300764799118042,0.21875,0.336278625027866,0.032238521199792716,0.125,0.0016134004839898353,0.011887065390831758,0.109375,0.015855467709116056,0.009455968099301493
1111,500,0.9661,0.9655,0.0005999999999999339,0.9838489978595057,0.9784004670169294,0.9473359391071796,0.9518617568401564,0.005448530842576349,0.004525817732976778,0.0023818960502743763,0.054499998688697815,0.02708642239282566,0.9472340858103455,0.9194538754647398,0.8301945854402731,0.781922141732699,0.12517576954749354,1.3004720211029053,0.21875,0.3516692822743366,0.03383344986848138,0.109375,0.007997169544388782,0.03255434209531055,0.0546875,0.012800782700196578,0.30440262109519756
1111,1000,0.9844,0.9724,0.01200000000000001,0.9891029383148473,0.9758707919828761,0.979428101213742,0.9687307138448878,0.013232146331971228,0.010697387368854172,0.030210365894436833,0.03400000184774399,0.01852657343068069,0.9853136765649998,0.9723845891975043,0.8114555214970508,0.8433485586191691,0.10807994465272253,1.301510214805603,0.21875,0.3119171732783954,0.029510202384029616,0.078125,0.004409398810210519,0.025197515343299802,0.078125,0.012019531445275788,0.34235081293881353
1111,2500,0.9866,0.9806,0.006000000000000005,0.9906596614127262,0.9889083479276124,0.9823081670438182,0.9718164986628266,0.0017513134851138146,0.010491668380991581,0.016751126569171902,0.030500000342726707,0.01736832655446017,0.9885993066782861,0.9455577484628549,0.8187864002057111,0.833188037716991,0.11782792566571698,1.304665207862854,0.21875,0.25352046862700917,0.02850147781392534,0.078125,0.0011072225042099149,0.037286690564282556,0.09375,0.016031249237130396,0.8322839392431083
1111,5000,0.9847,0.9753,0.009400000000000075,0.9912434325744308,0.9805409612765129,0.9777823493108414,0.9697593087842008,0.010702471297917904,0.008023040526640601,0.03263358284020815,0.03750000149011612,0.019633025395178586,0.987419948662155,0.9711803118629199,0.7959804495163748,0.8122827159183302,0.1164196193103526,1.3114416599273682,0.21875,0.29195323545219054,0.02626382704576223,0.046875,0.000580277349619962,0.05872615329798954,0.1171875,0.010765624582745659,1.5314501679802244
1111,10000,0.9872,0.9819,0.005299999999999971,0.9908542517999611,0.987935395991438,0.983336761983131,0.975519440444353,0.0029188558085231353,0.00781732153877801,0.015493475180569108,0.03150000050663948,0.01878353120340849,0.9795528700838546,0.8882108998932197,0.8051919899870283,0.791105564971699,0.153298555059876,1.3196860551834106,0.21875,0.324464786761844,0.02842397993114281,0.03125,0.006786152521506494,0.04102609784382752,0.1328125,0.021914063132498995,2.033304987002725
1212,0,0.4784,0.5114,0.032999999999999974,0.0,0.9951352403191283,0.9841596379345814,0.0,0.9951352403191283,0.9841596379345814,3.3928489517211915,1.0,0.6920282731214501,0.9960945304108295,0.8007098658816698,0.38730917535442627,0.12641385245733597,0.405990479381952,1.3156501054763794,0.0,0.06205026076622744,0.042971079644196664,0.0625,0.002226483041731342,0.05444784250489923,0.1484375,0.02373046847014848,0.26412706683539966
1212,100,0.9532,0.9628,0.009599999999999942,0.9649737302977233,0.9764545631445807,0.940752931495577,0.9483645340464925,0.011480832846857414,0.0076116025509154195,0.04041941593289375,0.07850000262260437,0.045493165458308324,0.9985088792166258,0.6734812018220553,0.6830548791128687,0.6904231368158928,0.3217319595325381,1.3133265972137451,0.0,0.05538457056172774,0.006296747122192414,0.015625,0.0008160872919802387,0.01217730287953385,0.40625,0.1201953129661888,0.2180344444464648
1212,500,0.9759,0.9764,0.000500000000000056,0.9795680093403386,0.9871570344424986,0.9720222176506892,0.9650277720633614,0.007589025102159974,0.006994445587327758,0.0011289500847458944,0.04749999940395355,0.02655881954089107,0.9955467655140217,0.7912251454192494,0.7856816364317076,0.8097148510817199,0.2115466090745215,1.3153607845306396,0.0,0.06814994767728422,0.014808238325160872,0.0625,0.0031008052145082843,0.008246438068449692,0.421875,0.10426562520115112,0.18234768834713067
1212,1000,0.9798,0.9803,0.0004999999999999449,0.9842381786339754,0.9846273594084453,0.9751080024686278,0.9757251594322156,0.0003891807744698106,0.0006171569635877727,0.00018769669197499228,0.039000000804662704,0.021152930649078756,0.9868885624630614,0.8697419440857133,0.7881464354413331,0.8195308074325598,0.17105581023647676,1.317023515701294,0.0,0.15888415272729617,0.01759310850663276,0.078125,0.002078324175990076,0.010995504963997094,0.375,0.07914062461850335,0.10100476895730814
1212,2500,0.9828,0.9828,0.0,0.9836544074722708,0.9883245767659078,0.981896729068093,0.976959473359391,0.00467016929363695,0.00493725570870196,0.005753985544736495,0.03700000047683716,0.019373596498506514,0.9876656578177913,0.9164810447495693,0.7876561145624893,0.8045291971339897,0.14793142034397078,1.3219647407531738,0.0,0.1455952009939665,0.032971212604092415,0.046875,0.004892100067586114,0.003562307694808503,0.375,0.09018750032691969,0.2726159139118072
1212,5000,0.9836,0.9832,0.00040000000000006697,0.9898812998637867,0.987935395991438,0.976959473359391,0.9781937872865666,0.0019459038723487199,0.0012343139271755454,0.02115004621416556,0.039500001817941666,0.021291450318891222,0.9693188394343636,0.9185936875738689,0.7770318222717678,0.7956928229384135,0.15218724507718162,1.326654314994812,0.03125,0.1330047841297528,0.042750503977753596,0.03125,0.005882334332760308,0.02537063506780249,0.3984375,0.08636718699244739,1.6151065794110018
1212,10000,0.986,0.984,0.0020000000000000018,0.9926055652850749,0.9885191671531426,0.9790166632380168,0.9792223822258794,0.004086398131932345,0.0002057189878625909,0.015876573879205047,0.03150000050663948,0.019661746079513664,0.9622026693847191,0.8710873709060338,0.7837167766197036,0.7820186188207846,0.17259792623713133,1.3336173295974731,0.03125,0.1130854512833821,0.025904658923666446,0.046875,0.002273278045102245,0.02131638149120546,0.3515625,0.07661328128597233,0.3427041437243057
1313,0,0.4807,0.5116,0.03090000000000004,0.0,0.995524421093598,0.9888911746554206,0.0,0.995524421093598,0.9888911746554206,0.4142037048339855,1.0,0.6925940562291218,0.9756027221242495,0.8382662647373169,0.4070351739303787,0.17248587986127842,0.37734928066615225,1.2630186080932617,0.0,0.18179083160566734,0.043357475969798054,0.171875,0.006125557992980646,0.002742308598507437,0.1796875,0.0575429690211422,0.3839305281285794
1313,100,0.9541,0.9514,0.0026999999999999247,0.9663358630083674,0.9641953687487839,0.9411643694713022,0.9378728656655009,0.002140494259583514,0.0032915038058013435,0.013945890408754352,0.07800000160932541,0.03981457363880946,0.9426551476651007,0.9292159595389192,0.7832021931380536,0.7233010839307545,0.14379092366151358,1.2534842491149902,0.0,0.15579870513784044,0.07006287492085844,0.03125,0.001833426151208073,0.03724667011128252,0.03125,0.08030859524888001,0.3203516844284653
1313,500,0.9765,0.9727,0.0038000000000000256,0.9784004670169294,0.9795680093403386,0.9744908455050401,0.9654392100390866,0.0011675423234092097,0.009051635465953445,0.010252232711017134,0.042500000447034836,0.02000993530591677,0.934831670367735,0.8491934288151897,0.8100093963514297,0.7873095862816909,0.17039858741669034,1.2610433101654053,0.0,0.1062039012523428,0.04955944951529577,0.0625,0.0023197151644041014,0.035151886328463486,0.0234375,0.03771484319531737,0.5779402966168962
1313,1000,0.9845,0.9817,0.0028000000000000247,0.9869624440552637,0.9889083479276124,0.981896729068093,0.974079407529315,0.0019459038723487199,0.00781732153877801,0.00696184402471408,0.028999999165534973,0.014679092133051092,0.9731849428861276,0.8990395430190671,0.8194219323547227,0.7888996813234421,0.14076926231310516,1.2663908004760742,0.0,0.15027154329573023,0.03631018915104345,0.078125,0.001974290583987681,0.023371298879133764,0.0078125,0.04432812662253127,0.44905487934133015
1313,2500,0.9876,0.9883,0.0006999999999999229,0.9912434325744308,0.9926055652850749,0.9837481999588562,0.9837481999588562,0.001362132710644115,0.0,0.0004886319542361864,0.023499999195337296,0.012234918649020859,0.9766858088552987,0.9225624788302802,0.8415238879683239,0.8248943587284849,0.1179568166006979,1.2750837802886963,0.03125,0.1768980170882628,0.035591099439333446,0.03125,0.001700574169674951,0.03621750228465813,0.03125,0.05978906277914575,0.5685684499735464
1313,5000,0.9862,0.9889,0.0027000000000000357,0.9875462152169683,0.9929947460595446,0.984776794898169,0.9845710759103066,0.005448530842576349,0.00020571898786247989,0.007436010153601819,0.020999999716877937,0.011644034923865312,0.9803259582698307,0.9440028531829221,0.8242529412308639,0.784480573469574,0.115872102793107,1.2856504917144775,0.03125,0.119609136832878,0.03524906312552645,0.046875,0.0019870852155676744,0.047282258805279045,0.0703125,0.04860546916142994,0.7637040269695285
1313,10000,0.9878,0.9879,9.999999999998899e-05,0.9902704806382565,0.9871570344424986,0.9851882328738942,0.9886854556675582,0.0031134461957579296,0.0034972227936639344,0.012745877791699847,0.02250000089406967,0.013540859956930135,0.9921165169628224,0.9172033653912677,0.8227103559425637,0.7913673352955967,0.1300431393330843,1.2998013496398926,0.03125,0.10046410580980591,0.04564223137052181,0.015625,0.0005855387245290444,0.016257229108138288,0.1015625,0.03183203099843013,0.11060759603571935
1414,0,0.4822,0.5115,0.029299999999999937,0.0,0.9953298307063632,0.9919769594733594,0.0,0.9953298307063632,0.9919769594733594,1.2684654129028328,1.0,0.692586314533913,0.9748015179033165,0.8336145302849592,0.5130167397406716,0.24529399189164694,0.32668436498718456,1.2984845638275146,0.03125,0.12862900365848873,0.054946781827970526,0.078125,0.012517219669852864,0.028428470303028044,0.3515625,0.12916015417113158,0.5495134523331708
1414,100,0.9666,0.9621,0.0045000000000000595,0.9717843938509437,0.9756762015956412,0.9611191112939724,0.9477473770829048,0.0038918077446974397,0.013371734211067632,0.003090480552613739,0.06499999761581421,0.032780285902340965,0.9888478438875873,0.7387425116404658,0.7879980837529384,0.7081546608133111,0.23662970230329794,1.2832865715026855,0.0625,0.21015296076336654,0.01658165922702426,0.03125,0.006030094160848876,0.00999979730031534,0.0078125,0.025128907803264156,0.047050368307825496
1414,500,0.981,0.9803,0.0007000000000000339,0.9859894921190894,0.9900758902510216,0.9757251594322156,0.9699650277720634,0.004086398131932234,0.005760131660152212,0.0010509497193619613,0.03150000050663948,0.015308611815915932,0.9916442695093385,0.9505545189770885,0.8435395590672627,0.8513873263704832,0.10295296097782436,1.2864696979522705,0.0625,0.17798557259536096,0.00334438118774244,0.015625,0.0025176180473849286,0.006143321742290431,0.09375,0.011964843629812094,0.05856072788644484
1414,1000,0.9839,0.9789,0.0050000000000000044,0.9840435882467407,0.9817085035999221,0.9837481999588562,0.9759308784200782,0.0023350846468185305,0.00781732153877801,0.01608381474995986,0.030500000342726707,0.016226737777477927,0.9830534043999374,0.9612039588223731,0.8409358954981863,0.8550715432770578,0.09893007283972033,1.2899608612060547,0.0625,0.17243391712739253,0.007396417383433607,0.046875,0.0020212057947688322,0.020769128204141764,0.140625,0.011683593447287421,0.5372304791686882
1414,2500,0.9881,0.9874,0.0006999999999999229,0.9906596614127262,0.9922163845106052,0.9853939518617568,0.9823081670438182,0.0015567230978790203,0.0030857848179386416,0.0018876239805846115,0.017500000074505806,0.010357046398549055,0.9843129305839914,0.9196879651993187,0.8304663467903545,0.8402234696175689,0.1249228440051634,1.2980031967163086,0.0625,0.10472018581899079,0.0012602608052424136,0.0625,0.003986607270100251,0.005010058152353419,0.125,0.004187500966963853,0.04215971147635722
1414,5000,0.9843,0.9878,0.0035000000000000586,0.9873516248297334,0.995524421093598,0.9810738531166426,0.9796338202016046,0.008172796263864579,0.0014400329150380253,0.014616162833603445,0.027000000700354576,0.015520604624897781,0.9730875551455648,0.873698717181149,0.8131331653004512,0.7986657711888502,0.1565840587591999,1.3064863681793213,0.0625,0.12502016788897663,0.007539592627710839,0.015625,0.0004033800590548253,0.009758560477007933,0.0546875,0.0031171877130873327,0.45235486507398814
1414,10000,0.9895,0.988,0.0015000000000000568,0.9949406499318934,0.9941622883829538,0.9837481999588562,0.9814852910923678,0.0007783615489395102,0.002262908866488389,0.023299961928831325,0.02199999988079071,0.012553335826663405,0.9777160569209047,0.9423053302255838,0.8193196264751432,0.8300825526177068,0.11918752164963653,1.3156553506851196,0.03125,0.11687674344412358,0.023855019278378575,0.015625,0.003446388942521139,0.05808296327310536,0.0703125,0.0006718745257785486,1.7071469802838335
1515,0,0.4819,0.5111,0.029200000000000004,0.0,0.9945514691574237,0.9913598025097716,0.0,0.9945514691574237,0.9913598025097716,0.3768353424072268,1.0,0.6923616959260944,0.9756830464712197,0.8786386287124265,0.472685461862603,0.2212669127356026,0.3243379547124853,1.2634413242340088,0.0,0.02260761975776404,0.023126998057250603,0.046875,0.0069082827973616645,0.06806199913909482,0.28125,0.019105468823909177,1.414084027038717
1515,100,0.9524,0.9521,0.000300000000000078,0.957968476357268,0.9562171628721541,0.9465130631557293,0.9477473770829048,0.0017513134851139256,0.0012343139271755454,0.0012584808528423308,0.08649999648332596,0.04594807718405917,0.9865372812098976,0.753193892113829,0.7051803924918997,0.6421516090475898,0.2708128576971356,1.26166832447052,0.0,0.00048523355508223176,0.018171157979395502,0.015625,0.003090640879740647,0.030862966623089245,0.0859375,0.031531250832813384,0.1023580165445247
1515,500,0.9752,0.9724,0.0027999999999999137,0.9795680093403386,0.9793734189531037,0.970582184735651,0.9650277720633614,0.0001945903872349053,0.005554412672289621,0.012517122390307486,0.05000000074505806,0.02466011137332899,0.9800482584216088,0.858122689731722,0.7787901265986832,0.7860722556957442,0.1815435918347974,1.2710587978363037,0.0,0.07935210317373276,0.01277251869214524,0.015625,0.0008115033973510322,0.009143550840354037,0.046875,0.02196484368869278,0.11420760240018546
1515,1000,0.9744,0.9731,0.0013000000000000789,0.9861840825063242,0.9805409612765129,0.9619419872454228,0.965233491051224,0.005643121229811254,0.0032915038058012325,0.004443078530579805,0.04149999842047691,0.021729831521430272,0.9807556976503988,0.8829448143524175,0.7808653829738051,0.8047420912613221,0.16809490133688865,1.2766203880310059,0.0,0.05750781821552664,0.0081451900182401,0.03125,0.0008962050430199042,0.00036799545944990464,0.0625,0.012316405944147846,0.13153559747577037
1515,2500,0.9821,0.9811,0.0010000000000000009,0.9832652266978011,0.98482194979568,0.98086813412878,0.9771651923472536,0.0015567230978789093,0.0037029417815264143,0.008346948298392817,0.039500001817941666,0.018198699218952535,0.9857685242469656,0.883913909807329,0.8152247881370418,0.8192155138327305,0.1504306510278146,1.2873376607894897,0.03125,0.020790916227269918,0.011942006466597377,0.078125,7.692788656754601e-06,0.03537687704280701,0.0234375,0.02121875034754339,0.8277343784117432
1515,5000,0.9825,0.9816,0.0009000000000000119,0.9869624440552637,0.981903093987157,0.9777823493108414,0.9812795721045052,0.0050593500681066494,0.0034972227936638234,0.0012159412711858775,0.03550000116229057,0.01934660220192027,0.9900450913252733,0.9150516369601905,0.8167853320791278,0.8226231352457827,0.13408151548034075,1.2987502813339233,0.03125,0.012147661240305752,0.008077341801254079,0.015625,0.004605747963658757,0.036713274769374055,0.09375,0.026796874430601747,0.7942404078843452
1515,10000,0.9846,0.9833,0.0013000000000000789,0.98482194979568,0.9873516248297334,0.984365356922444,0.9790166632380168,0.0025296750340533247,0.0053486936844271415,0.006022822329845801,0.03099999949336052,0.01821178047878341,0.9913535692117217,0.883569207146365,0.7833450721280862,0.7870883731013121,0.16654286036277433,1.3143444061279297,0.03125,0.01333877124125138,0.007495732101233443,0.03125,0.003492187562542881,0.01627069163442893,0.1171875,0.020082031704077963,0.3387296273065745
1616,0,0.4821,0.5104,0.028299999999999992,0.0,0.9931893364467795,0.9917712404854968,0.0,0.9931893364467795,0.9917712404854968,2.266283941650392,1.0,0.6916877160078757,0.9891961585784405,0.6261396535781534,0.4304450079194642,0.24979971177756696,0.47170766925119123,1.2676799297332764,0.0,0.06432475784185954,0.006703487567335742,0.140625,0.003828643252795416,0.001068962706028062,0.125,0.09258984300277007,0.24453233543935382
1616,100,0.9599,0.9335,0.02639999999999998,0.9610819225530259,0.9509632224168126,0.9586504834396214,0.9150380580127546,0.010118700136213299,0.04361242542686683,0.08866713292598723,0.10000000149011612,0.05305818044158193,0.9622175845785782,0.7866373477748578,0.709571076618328,0.6519748027502479,0.25189578780340716,1.254911184310913,0.0,0.07323525102219719,0.015297150185830333,0.015625,0.0041010443550746345,0.01101011406547689,0.0234375,0.04807812453009319,0.036282758635702184
1616,500,0.9829,0.9783,0.0046000000000000485,0.9856003113446196,0.985016540182915,0.9800452581773298,0.9711993416992388,0.0005837711617046049,0.008845916478090965,0.012573457282967868,0.03849999979138374,0.019899263053998282,0.9668768434818049,0.907536087366347,0.8326943011251643,0.7803010243555272,0.12988480575424433,1.261792778968811,0.0,0.1405892043962922,0.010222171584164386,0.09375,0.0017503984750888435,0.008263660485653246,0.0625,0.03825781206933243,0.054746203360236834
1616,1000,0.9852,0.9785,0.006699999999999928,0.9918272037361354,0.9881299863786729,0.9781937872865666,0.9683192758691628,0.0036972173574625344,0.009874511417403808,0.024825903143361215,0.028999999165534973,0.015446703766744422,0.985806429372593,0.8695554461411534,0.8227800754352939,0.7988364967932762,0.15383223921177636,1.266981601715088,0.0,0.05299388483763323,0.006881986949096586,0.109375,0.0003450650290091062,0.003886592658512586,0.046875,0.0438554681027199,0.005006873074077323
1616,2500,0.9844,0.9828,0.0016000000000000458,0.9935785172212492,0.9896867094765519,0.9746965644929027,0.975519440444353,0.0038918077446973287,0.0008228759514503636,0.0018090834419126622,0.027000000700354576,0.016254666788056114,0.9609905205909395,0.8631013344426247,0.7976722921406361,0.7669590073416668,0.16961318670836967,1.2774099111557007,0.0,0.09898488026101404,0.015521126951833608,0.0625,0.0006629067199739325,0.02622819163095967,0.0234375,0.019984372951057594,0.45414846730851144
1616,5000,0.9822,0.9831,0.0009000000000000119,0.9861840825063242,0.9887137575403775,0.977988068298704,0.9771651923472536,0.0025296750340533247,0.0008228759514503636,0.00011865959400601811,0.03150000050663948,0.018095313315790326,0.9934916398453605,0.7869626920673449,0.8080631537903356,0.738849074401542,0.20248707707115976,1.2892619371414185,0.03125,0.08189389506219413,0.020056528295127968,0.09375,0.0001703602699194562,0.017975039723018532,0.015625,0.027324219509864633,0.5397380998844774
1616,10000,0.9882,0.9849,0.0032999999999999696,0.9916326133489005,0.99241097489784,0.9845710759103066,0.976959473359391,0.0007783615489395102,0.0076116025509155305,0.008431560898348928,0.025499999523162842,0.014918713265619242,0.9633266149731523,0.8856020447103756,0.8040773122473887,0.7636568392707886,0.15516032152111792,1.3035874366760254,0.03125,0.03045646813507119,0.01918502815757714,0.09375,0.0009688694478029447,0.026084554986016473,0.0859375,0.0182226567339967,0.7930610346980158
1717,0,0.4781,0.511,0.032899999999999985,0.0,0.9943568787701887,0.9835424809709936,0.0,0.9943568787701887,0.9835424809709936,0.980617321014404,1.0,0.6920817048726039,0.9816007530149048,0.6844435327340849,0.46539575636831515,0.18522107189896778,0.42508035544879996,1.3625059127807617,0.0625,0.0742833823132969,0.1774377834590979,0.0,0.002320551831438422,0.02103435587162575,0.03125,0.061765624560848664,0.38761850959586
1717,100,0.9269,0.9509,0.02400000000000002,0.9455146915742363,0.9700330803658299,0.9072207364739765,0.9306727010903106,0.024518388791593626,0.023451964616334142,0.09189825800955295,0.11749999970197678,0.063079000794878,0.9912186079814277,0.7612403551853439,0.7432621378332877,0.6949215730852141,0.24774875349068415,1.3366570472717285,0.0625,0.023308371234545433,0.10064781658867675,0.15625,0.0030546476323110028,0.007606838577262694,0.1875,0.054953124672010745,0.02715702876441073
1717,500,0.9596,0.9639,0.0042999999999999705,0.9612765129402607,0.9785950574041642,0.9578276074881712,0.9483645340464925,0.017318544463903462,0.009463073441678738,0.026171076881885524,0.07400000095367432,0.04052180347139964,0.9553717220603409,0.8339638230296424,0.7948118045858154,0.7973543447262087,0.18561218619227104,1.3414616584777832,0.0625,0.10324310525875546,0.03375799868636757,0.171875,0.0019276947620525675,0.014195208217861945,0.2265625,0.03962890597222213,0.35182737714258283
1717,1000,0.9689,0.9782,0.009299999999999975,0.9797625997275735,0.9891029383148473,0.957416169512446,0.966673523966262,0.009340338587273789,0.009257354453816036,0.02762672816552221,0.054999999701976776,0.02749465489737358,0.9710024599457261,0.8478869681384306,0.7930706084973149,0.8292499902968483,0.1795212116821272,1.3411672115325928,0.0625,0.16495922033364252,0.008885252018629886,0.15625,0.003145367930962095,0.019210672924208527,0.1796875,0.026574219199119398,0.4547232411064197
1717,2500,0.9776,0.9847,0.007099999999999995,0.9822922747616267,0.9881299863786729,0.9726393746142769,0.9810738531166426,0.00583771161704616,0.008434478502365783,0.019274620982863422,0.04100000113248825,0.02235391874781685,0.9876120517698825,0.817973609224231,0.7432777949274417,0.7941307005148285,0.21937429792416363,1.340319037437439,0.09375,0.1858173842244355,0.013975403929667035,0.15625,0.0019114717133064119,0.03492001394890669,0.1875,0.03262499879747338,1.055448527103465
1717,5000,0.9818,0.9854,0.0036000000000000476,0.9902704806382565,0.9869624440552637,0.9728450936021394,0.9837481999588562,0.003308036582992835,0.010903106356716763,0.004608471471691161,0.03350000083446503,0.020026081607181872,0.9952350637472638,0.8601814094261091,0.7446656413318541,0.7621919083126161,0.19757647462101846,1.3414642810821533,0.0625,0.16976652049334007,0.03266914453965475,0.140625,0.0041744656247075795,0.06786074851163361,0.1796875,0.027855467883455276,1.977313998798504
1717,10000,0.982,0.9852,0.0031999999999999806,0.985016540182915,0.9871570344424986,0.9788109442501542,0.9831310429952684,0.002140494259583625,0.004320098745114187,0.00041113391062518045,0.032499998807907104,0.01906433285560738,0.9907106690587497,0.8381463080963264,0.7291802003257419,0.7648795078562011,0.21633674578896578,1.3433246612548828,0.0625,0.13911009500463933,0.029829582304571195,0.1875,0.0015021924840539214,0.04620126353121076,0.2109375,0.023527344290869223,1.116260358239086
1818,0,0.4808,0.5123,0.03149999999999997,0.0,0.9968865538042421,0.9890968936432832,0.0,0.9968865538042421,0.9890968936432832,0.16494082031250024,1.0,0.6928536977951111,0.9937922036402118,0.6915881641338965,0.35395302981823,0.09402886503912464,0.4772294030239368,1.3062769174575806,0.0625,0.05149050976615399,0.045336956649606464,0.015625,0.0005803969766660089,0.07098960996638726,0.078125,0.02923828172060894,1.4487657830071836
1818,100,0.9525,0.9469,0.005600000000000049,0.9659466822338977,0.9616656937147305,0.9382843036412261,0.9312898580538984,0.004280988519167139,0.006994445587327647,0.016202133029699306,0.0729999989271164,0.03837108202466629,0.9936033248273342,0.9300782209242656,0.784295200501904,0.6498623773619181,0.14281328928691517,1.2955009937286377,0.09375,0.04006419969221042,0.060754338081831616,0.078125,0.0010924345851108797,0.01032668197514957,0.2578125,0.08950000070080932,0.13764653858488785
1818,500,0.9725,0.976,0.0034999999999999476,0.9877408056042032,0.9817085035999221,0.9563875745731331,0.9699650277720634,0.006032302004281065,0.013577453198930334,0.009378159946203224,0.04149999842047691,0.01927334511965146,0.985724379213513,0.9657104781925352,0.8033837170507516,0.7284978174954511,0.11545290237835659,1.298209309577942,0.09375,0.0877224347678407,0.03295288704150545,0.0,0.0008874758883337108,0.008035814126860531,0.21875,0.08118359376112494,0.1134127039649
1818,1000,0.9807,0.9832,0.0024999999999999467,0.9838489978595057,0.9871570344424986,0.9773709113351162,0.9790166632380168,0.003308036582992835,0.0016457519029006162,0.010796912960335608,0.02850000001490116,0.01459473109165458,0.9878357493631984,0.9804058400081478,0.8255715011908561,0.6641915834531479,0.09701132940049806,1.3003363609313965,0.09375,0.029939491528352846,0.011779450777317901,0.03125,0.0007684547708137757,0.008448264232095395,0.203125,0.06377343800113522,0.4419351375287579
1818,2500,0.9799,0.9804,0.000500000000000056,0.9846273594084453,0.9869624440552637,0.9749022834807652,0.9734622505657272,0.0023350846468184194,0.0014400329150380253,0.0027549659531330706,0.02850000001490116,0.014836867716786698,0.9927510797679394,0.9548944629603231,0.808778589563493,0.7097282013802182,0.11816347373809188,1.3031437397003174,0.09375,0.10463396742346731,0.008879235840320465,0.078125,0.0017931682489518153,0.019009802915125426,0.21875,0.06448046729110501,0.13691555231213526
1818,5000,0.9857,0.9851,0.0006000000000000449,0.987935395991438,0.987935395991438,0.983336761983131,0.9821024480559556,0.0,0.0012343139271754344,0.010651548100464418,0.019500000402331352,0.012571101238241608,0.9948646982356576,0.9617110538560185,0.804513461222881,0.6931259227062304,0.11688774246055023,1.3077958822250366,0.09375,0.06674657319905464,0.002832559580631333,0.09375,0.0005393813576048956,0.005017536698144406,0.1875,0.05461328149112887,0.21811565874562078
1818,10000,0.981,0.9865,0.00550000000000006,0.9892975287020821,0.9902704806382565,0.9722279366385518,0.9825138860316808,0.0009729519361744154,0.01028594939312899,0.03290542166342947,0.03150000050663948,0.01964750854894389,0.9947197708544325,0.9596351445821163,0.7708256197427843,0.7196960131887853,0.1347696178375497,1.3149973154067993,0.09375,0.01693977048148554,0.009996073008777806,0.078125,0.0025340797535307047,0.017068822153459423,0.203125,0.04676171888240788,0.5876515700122997
1919,0,0.4823,0.5118,0.029500000000000026,0.0,0.9959136018680678,0.992182678461222,0.0,0.9959136018680678,0.992182678461222,0.5098240882873535,1.0,0.692371359744538,0.9613382460313977,0.8826525786042012,0.35707448428242083,0.16391789831757164,0.38013646855668903,1.3126310110092163,0.15625,0.23667359154723044,0.12664486306844158,0.0625,0.006900590275598972,0.04852977520746406,0.046875,0.004386718638215825,0.7913761298976101
1919,100,0.9664,0.9478,0.01860000000000006,0.9694493092041253,0.9622494648764351,0.9631763011725982,0.9325241719810738,0.007199844327690164,0.03065212919152438,0.07036179631352424,0.07999999821186066,0.04462369458059026,0.9699165472013325,0.8853674232411471,0.7105294933690316,0.7033339999101524,0.20205154169491069,1.3093314170837402,0.25,0.3367386029622139,0.07678859179589842,0.0625,0.005839405304072898,0.008152208316890362,0.0234375,0.01871093809040758,0.09639752544483471
1919,500,0.9843,0.974,0.010299999999999976,0.9867678536680288,0.9822922747616267,0.9816910100802304,0.965233491051224,0.004475578906402045,0.016457519029006384,0.02491719484254718,0.041999999433755875,0.023109310638753565,0.9480023605740078,0.872689235872041,0.7945040604527216,0.7656598805495324,0.16640335183761867,1.3133093118667603,0.28125,0.30830038331166065,0.054362919111407795,0.015625,0.005612762976042518,0.016935120970912702,0.03125,0.014785155717618181,0.08393188496316428
1919,1000,0.979,0.9812,0.0021999999999999797,0.9906596614127262,0.9918272037361354,0.966673523966262,0.9699650277720634,0.0011675423234092097,0.0032915038058013435,0.009415541236288842,0.04600000008940697,0.021194272181351878,0.9557732521282072,0.9278869003894431,0.8069105802036481,0.814687516649709,0.13260125970345438,1.3148072957992554,0.28125,0.2786332060340442,0.02698800248148553,0.015625,0.005046436349132932,0.028592315915631758,0.0703125,0.014492187509404175,0.5989882083229965
1919,2500,0.9866,0.9845,0.0020999999999999908,0.9910488421871959,0.9910488421871959,0.981896729068093,0.9775766303229788,0.0,0.004320098745114187,0.0009040128162479955,0.03150000050663948,0.017720605079189287,0.9612210267595593,0.9117632211740511,0.7836760864040345,0.7906709187455715,0.1522803462109572,1.319810390472412,0.21875,0.2504548605689223,0.012602256749319307,0.03125,0.0015911591893953414,0.038694128367957506,0.0859375,0.017800780915422365,1.065974427778961
1919,5000,0.9789,0.9839,0.0050000000000000044,0.983459817085036,0.9883245767659078,0.974079407529315,0.9792223822258794,0.004864759680871744,0.00514297469656444,0.02362957144698448,0.03150000050663948,0.017685942087016977,0.9469325953929442,0.904750603994698,0.7549430016045579,0.7797192533156583,0.17015319720037203,1.3253298997879028,0.21875,0.2586076756878555,0.0057496237809233075,0.09375,0.007748325635034803,0.04861478350374453,0.015625,0.005527342881578079,1.8712164212980578
1919,10000,0.9875,0.9855,0.0020000000000000018,0.9887137575403775,0.9906596614127262,0.9862168278132072,0.9800452581773298,0.0019459038723487199,0.006171569635877394,0.0015157297811048825,0.032999999821186066,0.018345482168575095,0.9499054246702091,0.9052564665990549,0.765070148577634,0.7494729268918375,0.16483669241165555,1.3331809043884277,0.21875,0.2932739768200605,0.001361090742227608,0.09375,0.005299147205356292,0.10467673485353374,0.0546875,0.004765624430547177,3.4072454814391513
2020,0,0.4803,0.5119,0.03160000000000002,0.0,0.9961081922553026,0.9880682987039704,0.0,0.9961081922553026,0.9880682987039704,0.9521476272583005,1.0,0.6923072738863063,0.9753703209362394,0.6469619683032356,0.47192130360754225,0.21700996883332196,0.44055836404461113,1.2787749767303467,0.0,0.17994616954476328,0.10705402670541181,0.015625,0.0010867742618358989,0.1477576174318141,0.0703125,0.042500000486597855,2.1715210558686966
2020,100,0.9689,0.9574,0.011499999999999955,0.9737302977232924,0.9815139132126873,0.963793458136186,0.9319070150174861,0.0077836154893948795,0.031886443118699925,0.03579626380801201,0.061000000685453415,0.03213096461157874,0.9917785357436726,0.8807954973464996,0.7712057138853764,0.714878205342034,0.17399939438406198,1.2758136987686157,0.0,0.1796790697755739,0.060371562594408026,0.0,0.002235012685211757,0.014919678391735493,0.1875,0.04721093695070522,0.3697760597837775
2020,500,0.9788,0.9779,0.0009000000000000119,0.9801517805020432,0.9817085035999221,0.9773709113351162,0.9738736885414524,0.0015567230978789093,0.0034972227936638234,0.008677658107876782,0.03449999913573265,0.018524514525205007,0.9654886326433719,0.8760849274964595,0.8150223896651148,0.8015613167068665,0.15444634141921287,1.2800710201263428,0.0,0.1659490141832407,0.03185836774881876,0.015625,0.0010236365758373722,0.03762245878132864,0.234375,0.04656250043717591,0.7374806684525064
2020,1000,0.9807,0.9746,0.006099999999999994,0.9844327690212104,0.987935395991438,0.9767537543715284,0.9605019543303847,0.003502626970227629,0.016251800041143794,0.020951377320662143,0.03449999913573265,0.018677947255712916,0.9704334368298951,0.9445560799965635,0.8153239819552356,0.7916610764308717,0.12005996902410043,1.2832902669906616,0.0,0.12178718858615412,0.015047424139785756,0.03125,0.0010760920301180477,0.0008313038917534682,0.1875,0.03831250102030026,0.09035591921351527
2020,2500,0.9851,0.9831,0.0020000000000000018,0.985016540182915,0.9881299863786729,0.9851882328738942,0.9777823493108414,0.0031134461957579296,0.007405883563052829,0.0032769969619810546,0.027499999850988388,0.015179702138676749,0.9791726599619922,0.9425999282666798,0.8196735165800116,0.8033029255489926,0.11886327757665427,1.290398359298706,0.0,0.051728694569305844,0.00960734044816202,0.0,0.0009426018281359916,0.007327088088279074,0.1953125,0.04196093736754847,0.2240433555652519
2020,5000,0.9825,0.9811,0.0014000000000000679,0.9931893364467795,0.9852111305701499,0.9711993416992388,0.9767537543715284,0.007978205876629674,0.005554412672289621,0.003885674494822161,0.03550000116229057,0.02131670435880721,0.9612769208659847,0.9137913827191069,0.7819965155604874,0.779013124146932,0.1521060508602028,1.3004481792449951,0.0,0.1255312119490668,0.008641875711023657,0.015625,0.0021389109689522456,0.012128947789748726,0.1875,0.03559765756335764,0.5233341238539873
2020,10000,0.9858,0.9855,0.00029999999999996696,0.986573263280794,0.9891029383148473,0.9849825138860316,0.9816910100802304,0.0025296750340533247,0.0032915038058012325,0.0012581500559466219,0.028999999165534973,0.01653466550715124,0.9952908213958536,0.9362909093976548,0.7900710603378057,0.7709464712718628,0.13681901513226968,1.3122738599777222,0.0,0.026462590018866194,0.0008163193952448466,0.03125,0.0015694355215103428,0.010891013670018351,0.1640625,0.03130859396787855,0.6323630236734346
