seed,relaxation_step,full_accuracy_sabc,full_accuracy_sbac,signed_full_accuracy_difference_sabc_minus_sbac,absolute_accuracy_gap,full_accuracy_difference,A_accuracy_sabc,A_accuracy_sbac,B_accuracy_sabc,B_accuracy_sbac,A_accuracy_difference,B_accuracy_difference,full_loss_difference_sabc_minus_sbac,full_loss_difference,prediction_disagreement,js_divergence,cka_conv1,cka_conv2,cka_fc1,cka_logits,representation_history_score,normalized_weight_distance,conv1_dead_ratio_difference,conv1_below_threshold_positive_activity_ratio_difference,conv1_average_positive_activity_rate_difference,conv1_average_sparsity_difference,conv1_average_activation_variance_difference,conv2_dead_ratio_difference,conv2_below_threshold_positive_activity_ratio_difference,conv2_average_positive_activity_rate_difference,conv2_average_sparsity_difference,conv2_average_activation_variance_difference,fc1_dead_ratio_difference,fc1_below_threshold_positive_activity_ratio_difference,fc1_average_positive_activity_rate_difference,fc1_average_sparsity_difference,fc1_average_activation_variance_difference
101,0,0.6221,0.61775,0.004349999999999965,0.004349999999999965,0.004349999999999965,0.2535,0.99,0.9907,0.2455,0.7364999999999999,0.7452000000000001,-0.2524622527783462,0.2524622527783462,0.7559999823570251,0.5021622009655092,0.9450380713494173,0.7621440426268512,0.4666699645204347,0.28825671813428416,0.385592996426357,1.269695520401001,0.0,0.0,0.11003702922607772,0.11003702922607772,0.007077819682308473,0.015625,0.015625,0.012653539450152351,0.012653539450152351,0.0034337900392695936,0.0390625,0.0390625,0.018617188195548806,0.018617188195548806,0.12693760317977354
101,100,0.96865,0.96875,-9.999999999998899e-05,9.999999999998899e-05,9.999999999998899e-05,0.959,0.9746,0.9783,0.9629,0.015600000000000058,0.01539999999999997,0.003472418207675229,0.003472418207675229,0.05575000122189522,0.028239909260989595,0.9856949359853551,0.9358591141508972,0.756993926663498,0.7900094638410736,0.15357347959280243,1.262995958328247,0.0,0.0,0.07537292667257134,0.07537292667257134,0.009340002210592502,0.03125,0.03125,0.0033440288689341457,0.0033440288689341457,0.004179306646674041,0.0390625,0.0390625,0.02237304708364718,0.02237304708364718,0.02145766401971927
101,500,0.9801,0.9817,-0.0016000000000000458,0.0016000000000000458,0.0016000000000000458,0.9775,0.982,0.9827,0.9814,0.0044999999999999485,0.0012999999999999678,0.0033846124874427896,0.0033846124874427896,0.03449999913573265,0.017598549425879784,0.9939151764401094,0.9384473914156772,0.7785660475135595,0.8271447889366254,0.14149328053538168,1.270552158355713,0.0,0.0,0.02147891370987054,0.02147891370987054,0.003943894369058398,0.046875,0.046875,0.01511174636877044,0.01511174636877044,0.014331127457146438,0.0390625,0.0390625,0.019519532051390343,0.019519532051390343,0.23682029240510927
101,1000,0.98575,0.98495,0.0008000000000000229,0.0008000000000000229,0.0008000000000000229,0.9851,0.9863,0.9864,0.9836,0.0011999999999999789,0.0028000000000000247,-0.004406455658515912,0.004406455658515912,0.023250000551342964,0.012225014377498955,0.9950275733297008,0.9340204055678265,0.7895182892390219,0.8170707277339014,0.13823065259657574,1.2750389575958252,0.0,0.0,0.03771016692917328,0.03771016692917328,0.003172566545799782,0.0,0.0,0.004243622723567597,0.004243622723567597,0.0007806465228726994,0.09375,0.09375,0.01452929632591804,0.01452929632591804,0.21348050421982911
101,2500,0.98195,0.9858,-0.00385000000000002,0.00385000000000002,0.00385000000000002,0.9808,0.9881,0.9831,0.9835,0.007299999999999973,0.00040000000000006697,0.008603049693652429,0.008603049693652429,0.02500000037252903,0.014235915367663988,0.9920542534741676,0.885206818990746,0.8037431685006322,0.8199813788024435,0.15552500625431087,1.2829670906066895,0.0,0.0,0.015063001323142089,0.015063001323142089,0.002651807849360921,0.015625,0.015625,0.0037621170497494916,0.0037621170497494916,0.005990196404817391,0.046875,0.046875,0.016960937583235136,0.016960937583235136,0.04711723575643756
101,5000,0.9853,0.9849,0.00039999999999995595,0.00039999999999995595,0.00039999999999995595,0.9828,0.984,0.9878,0.9858,0.0011999999999999789,0.0020000000000000018,-0.00011864318055516965,0.00011864318055516965,0.028999999165534973,0.016561002557790565,0.9861159707954005,0.9214258062581626,0.795143476174889,0.816944477171989,0.1417153587834742,1.293080449104309,0.0,0.0,0.025269937672419474,0.025269937672419474,0.00757330688793445,0.0625,0.0625,0.005234235350531691,0.005234235350531691,0.007210141279518384,0.0625,0.0625,0.022398438097525286,0.022398438097525286,0.3009183741290844
101,10000,0.9866,0.9878,-0.0011999999999999789,0.0011999999999999789,0.0011999999999999789,0.9853,0.9882,0.9879,0.9874,0.0029000000000000137,0.0004999999999999449,-0.0027194407900095197,0.0027194407900095197,0.023749999701976776,0.013398980977894473,0.9930782443525206,0.9105580518275587,0.7974500220180335,0.8084692148735755,0.14599596307720386,1.3015985488891602,0.0,0.0,0.09061835479224101,0.09061835479224101,0.014939567459805403,0.0625,0.0625,0.0008900669776004122,0.0008900669776004122,0.019891976921883936,0.015625,0.015625,0.02097070306990645,0.02097070306990645,0.9822104762277899
202,0,0.60825,0.6043,0.003950000000000009,0.003950000000000009,0.003950000000000009,0.2297,0.9904,0.9868,0.2182,0.7606999999999999,0.7686,-0.9717721954294216,0.9717721954294216,0.7752500176429749,0.517730397534199,0.9223912092619387,0.8434847295439537,0.4045092436498029,0.27421599296526633,0.3760030134031217,1.2449946403503418,0.03125,0.03125,0.05470273775904744,0.05470273775904744,0.0021031569590570093,0.015625,0.015625,0.010501474695157498,0.010501474695157498,0.024112148480535042,0.046875,0.046875,0.014330078678540303,0.014330078678540303,0.6485290784539393
202,100,0.9666,0.9692,-0.0025999999999999357,0.0025999999999999357,0.0025999999999999357,0.9577,0.9751,0.9755,0.9633,0.01739999999999997,0.012199999999999989,0.010933424011804166,0.010933424011804166,0.06024999916553497,0.030857431607268473,0.9623364586258479,0.8121047286302577,0.7357192017944758,0.7486500002851617,0.22608803478763329,1.2461066246032715,0.03125,0.03125,0.029041652281424746,0.029041652281424746,0.0004892786175797748,0.015625,0.015625,0.0011867225592538944,0.0011867225592538944,0.0031779654644725,0.109375,0.109375,0.023757812018857294,0.023757812018857294,0.04983247727780804
202,500,0.9787,0.9815,-0.0028000000000000247,0.0028000000000000247,0.0028000000000000247,0.9742,0.9835,0.9832,0.9795,0.009300000000000086,0.0036999999999999256,0.006107498347014184,0.006107498347014184,0.03500000014901161,0.01749537090943872,0.9498127954546174,0.7780374028603917,0.7729501760846409,0.8036626126182222,0.22450621052748376,1.2514135837554932,0.03125,0.03125,0.01009554402230961,0.01009554402230961,0.004972165172350634,0.0,0.0,0.0048928574506348355,0.0048928574506348355,0.008632387615876681,0.0625,0.0625,0.014642578980556209,0.014642578980556209,0.034188475523419415
202,1000,0.98395,0.986,-0.0020499999999999963,0.0020499999999999963,0.0020499999999999963,0.9809,0.987,0.987,0.985,0.006099999999999994,0.0020000000000000018,0.003095959267439323,0.003095959267439323,0.02850000001490116,0.01523976052629158,0.9593462691722032,0.7965113140981736,0.7908364745397024,0.8161377013046228,0.20632610568106202,1.2567650079727173,0.03125,0.03125,0.05043249441337494,0.05043249441337494,0.004486891509393923,0.03125,0.03125,0.0017572544569830484,0.0017572544569830484,0.0014445101117363662,0.1328125,0.1328125,0.023287110374894837,0.023287110374894837,0.12893962951021076
202,2500,0.98195,0.98545,-0.0035000000000000586,0.0035000000000000586,0.0035000000000000586,0.9789,0.9838,0.985,0.9871,0.0049000000000000155,0.0020999999999999908,0.006271304150477955,0.006271304150477955,0.02824999950826168,0.013820592420478481,0.9589330530671694,0.8333639829051638,0.7805878206266509,0.8085665310466402,0.19302409823409272,1.2669658660888672,0.03125,0.03125,0.06417490381250346,0.06417490381250346,0.01150859133474584,0.015625,0.015625,0.003664181864202476,0.003664181864202476,0.018190060018859297,0.1015625,0.1015625,0.024474609910157596,0.024474609910157596,0.3441868795735017
202,5000,0.98595,0.9844,0.0015499999999999403,0.0015499999999999403,0.0015499999999999403,0.9843,0.984,0.9876,0.9848,0.00029999999999996696,0.0028000000000000247,-0.003906075506829254,0.003906075506829254,0.030249999836087227,0.016494067285673025,0.9437897028023867,0.8591670604684426,0.7816431220789332,0.7789558952924498,0.17959490872631212,1.2778137922286987,0.03125,0.03125,0.05412849552222099,0.05412849552222099,0.005145180785251405,0.015625,0.015625,0.0008700172572773113,0.0008700172572773113,0.0038843654229024083,0.109375,0.109375,0.026578123927947672,0.026578123927947672,0.16574047044015217
202,10000,0.9867,0.98735,-0.0006499999999999284,0.0006499999999999284,0.0006499999999999284,0.9851,0.9873,0.9883,0.9874,0.0021999999999999797,0.0008999999999999009,0.00849804993276937,0.00849804993276937,0.023499999195337296,0.013434762628728702,0.9438810113010312,0.8679679892956415,0.7955969215104306,0.8003840721757555,0.16821754459696403,1.290655255317688,0.03125,0.03125,0.07065870558668053,0.07065870558668053,0.010473625693007305,0.015625,0.015625,0.0037938457586434993,0.0037938457586434993,0.028646361116940508,0.078125,0.078125,0.016947265642329512,0.016947265642329512,0.7549528405546351
303,0,0.60415,0.59015,0.014000000000000012,0.014000000000000012,0.014000000000000012,0.2188,0.9848,0.9895,0.1955,0.766,0.794,0.23541377714586265,0.23541377714586265,0.7827500104904175,0.5245825343447584,0.946715189935158,0.7002849252721033,0.4188916510999407,0.21517603768600152,0.440411711813978,1.134225845336914,0.03125,0.03125,0.08316281854149565,0.08316281854149565,0.006120124006372407,0.09375,0.09375,0.001045579626332227,0.001045579626332227,0.01904610497972871,0.0,0.0,0.015669921875996806,0.015669921875996806,0.040682712203540916
303,100,0.9647,0.9564,0.008299999999999974,0.008299999999999974,0.008299999999999974,0.9585,0.9654,0.9709,0.9474,0.006900000000000017,0.023499999999999965,-0.02952268315516414,0.02952268315516414,0.07199999690055847,0.04002067389534922,0.9249737660225067,0.8603951608712975,0.6979021670928085,0.710890954273987,0.22085133601794693,1.139814853668213,0.03125,0.03125,0.07089014255052462,0.07089014255052462,0.005105739510533169,0.125,0.125,0.00035046659659698776,0.00035046659659698776,0.0026879460759881083,0.0078125,0.0078125,0.00656640601368963,0.00656640601368963,0.06195857905095048
303,500,0.98215,0.97385,0.008299999999999974,0.008299999999999974,0.008299999999999974,0.9809,0.9732,0.9834,0.9745,0.00770000000000004,0.008900000000000019,-0.027597748324275022,0.027597748324275022,0.04149999842047691,0.022736981290373656,0.9802179738475665,0.848591594086185,0.77161228444102,0.7749359799849216,0.18989806073639748,1.1491365432739258,0.0625,0.0625,0.0020755895211550524,0.0020755895211550524,0.0029511476593615527,0.0625,0.0625,0.007859115961895924,0.007859115961895924,0.004446781969130245,0.0234375,0.0234375,0.006591797585997483,0.006591797585997483,0.1785312872657956
303,1000,0.98405,0.97645,0.00759999999999994,0.00759999999999994,0.00759999999999994,0.9835,0.9749,0.9846,0.978,0.008600000000000052,0.00660000000000005,-0.0236056428227108,0.0236056428227108,0.042750000953674316,0.021395522226105853,0.9220257142933865,0.8614686323500305,0.766895468063523,0.799453294865912,0.1858179497932233,1.1559940576553345,0.0625,0.0625,0.03332356327155139,0.03332356327155139,0.0025425304563633233,0.09375,0.09375,0.00034082000287938286,0.00034082000287938286,0.0003421716581564413,0.046875,0.046875,0.006574218786226993,0.006574218786226993,0.1740741157971626
303,2500,0.9866,0.9833,0.0033000000000000806,0.0033000000000000806,0.0033000000000000806,0.9857,0.9829,0.9875,0.9837,0.0028000000000000247,0.0038000000000000256,-0.012645740985270819,0.012645740985270819,0.027000000700354576,0.01508436803638512,0.9789626343499817,0.8829363968434456,0.7907222024173499,0.8136306742300656,0.16317070036960224,1.171846866607666,0.0625,0.0625,0.014219225342912978,0.014219225342912978,0.012829152106892394,0.09375,0.09375,0.002324936499743302,0.002324936499743302,0.005767537039144552,0.0234375,0.0234375,0.01265234447464536,0.01265234447464536,0.4906305727095872
303,5000,0.984,0.98315,0.0008500000000000174,0.0008500000000000174,0.0008500000000000174,0.9826,0.9821,0.9854,0.9842,0.000500000000000056,0.0012000000000000899,-0.008162615697665028,0.008162615697665028,0.032749999314546585,0.018490188487641668,0.9763513727679838,0.8602517263943242,0.7482414737676647,0.7900379881876602,0.19575339991900553,1.1917067766189575,0.03125,0.03125,0.04122224554191689,0.04122224554191689,0.007989110701224572,0.109375,0.109375,0.0014409877168937157,0.0014409877168937157,0.001141543384708163,0.015625,0.015625,0.017943360188837687,0.017943360188837687,0.36454456549101755
303,10000,0.98555,0.98535,0.000200000000000089,0.000200000000000089,0.000200000000000089,0.9841,0.9843,0.987,0.9864,0.00019999999999997797,0.0005999999999999339,-0.0015066404429931596,0.0015066404429931596,0.02775000035762787,0.016096449734212294,0.9440870219212978,0.8266852346566385,0.7935222463123426,0.7905924319354478,0.18989625951550948,1.2175064086914062,0.03125,0.03125,0.03814063622985486,0.03814063622985486,0.008763753233090199,0.0625,0.0625,0.0032252072864729087,0.0032252072864729087,0.0081044960696776,0.0,0.0,0.0016601572574472812,0.0016601572574472812,0.23928681772142735
404,0,0.63215,0.6189,0.013249999999999984,0.013249999999999984,0.013249999999999984,0.2741,0.9914,0.9902,0.2464,0.7172999999999999,0.7438,-0.161030513085608,0.161030513085608,0.7400000095367432,0.4937736526537468,0.950725238306247,0.7932021429537622,0.4237559819720655,0.29415072486531474,0.39152093753708617,1.254746913909912,0.0,0.0,0.04872012489067856,0.04872012489067856,0.0033029154358814594,0.03125,0.03125,0.002434411123854119,0.002434411123854119,0.017476154853702908,0.0,0.0,0.007382812806099537,0.007382812806099537,0.1676120907690608
404,100,0.97055,0.9699,0.0006500000000000394,0.0006500000000000394,0.0006500000000000394,0.9645,0.9734,0.9766,0.9664,0.008900000000000019,0.010199999999999987,0.007302675205469122,0.007302675205469122,0.05025000125169754,0.027659157078184508,0.9817453440971653,0.8302851892589361,0.7541365586084914,0.8064494834989969,0.2077891260662863,1.248255729675293,0.0,0.0,0.07668013712918764,0.07668013712918764,0.010747148574841159,0.0,0.0,0.0001709385281785103,0.0001709385281785103,0.013918545001567958,0.0234375,0.0234375,0.002105469543266736,0.002105469543266736,0.29556797850245486
404,500,0.98275,0.9811,0.0016500000000000403,0.0016500000000000403,0.0016500000000000403,0.9781,0.9795,0.9874,0.9827,0.0014000000000000679,0.0047000000000000375,-0.005126526887109503,0.005126526887109503,0.03200000151991844,0.015716344533546815,0.9841360111699016,0.8850701790153722,0.7948389509515387,0.8438107887752825,0.16004543501654456,1.2551854848861694,0.0,0.0,0.01938397526555491,0.01938397526555491,0.0072163252824788415,0.03125,0.03125,0.0025479709072335766,0.0025479709072335766,0.006328835117066334,0.046875,0.046875,0.01100976645557239,0.01100976645557239,0.2055861512480952
404,1000,0.979,0.98305,-0.004049999999999998,0.004049999999999998,0.004049999999999998,0.974,0.9835,0.984,0.9826,0.009500000000000064,0.0013999999999999568,0.011195463634189225,0.011195463634189225,0.03375000134110451,0.017872158055091708,0.9843331918153574,0.8368774234472168,0.8045249262066994,0.8381018680929795,0.17929882517304185,1.2595652341842651,0.0,0.0,0.0051387142775638495,0.0051387142775638495,0.012802160499226112,0.015625,0.015625,0.0005473133649260831,0.0005473133649260831,0.012864682673341593,0.0,0.0,0.0135761722474399,0.0135761722474399,0.33381104717098764
404,2500,0.98795,0.98225,0.005700000000000038,0.005700000000000038,0.005700000000000038,0.9875,0.981,0.9884,0.9835,0.006500000000000061,0.004899999999999904,-0.018856881188461558,0.018856881188461558,0.03200000151991844,0.016199246387599446,0.9776478704637993,0.9009665571139315,0.8103803958954696,0.8332145788660443,0.1443265234952995,1.268494963645935,0.0,0.0,0.038069347327109426,0.038069347327109426,0.000629188244990253,0.03125,0.03125,0.0023248764717678227,0.0023248764717678227,0.008929125055615356,0.015625,0.015625,0.010763671812810571,0.010763671812810571,0.13904634504306612
404,5000,0.9871,0.98665,0.00044999999999995044,0.00044999999999995044,0.00044999999999995044,0.9867,0.987,0.9875,0.9863,0.00029999999999996696,0.0012000000000000899,-0.003870944895340289,0.003870944895340289,0.025750000029802322,0.013436484218125705,0.9838273856696627,0.9037240597909956,0.7858475695235446,0.819638717147713,0.1552141853427299,1.277382493019104,0.0,0.0,0.0008026310151763028,0.0008026310151763028,0.00015452483477218504,0.03125,0.03125,0.0006021404811313857,0.0006021404811313857,0.00025920134630492975,0.0078125,0.0078125,0.011876952187321876,0.011876952187321876,0.08008379383647402
404,10000,0.9884,0.9866,0.0017999999999999128,0.0017999999999999128,0.0017999999999999128,0.9875,0.985,0.9893,0.9882,0.0025000000000000577,0.0010999999999999899,-0.007970810656591422,0.007970810656591422,0.02525000087916851,0.014163472518145788,0.9829838240679437,0.888984197694443,0.7982659020254309,0.8462877548326683,0.15637495014006308,1.2872672080993652,0.0,0.0,0.04276568673776637,0.04276568673776637,0.0056094906246766385,0.0,0.0,0.0026702604912571815,0.0026702604912571815,0.021684738945315668,0.015625,0.015625,0.0009667963070114638,0.0009667963070114638,0.7494507642029866
505,0,0.6095,0.65305,-0.04354999999999998,0.04354999999999998,0.04354999999999998,0.2277,0.9884,0.9913,0.3177,0.7606999999999999,0.6736,0.5133953426753117,0.5133953426753117,0.7269999980926514,0.48578525279427276,0.8565297517158696,0.7447009712617303,0.4380061792080537,0.27938746036894296,0.40864642476510804,1.2508502006530762,0.0,0.0,0.18709471600595862,0.18709471600595862,0.021091448375955224,0.265625,0.265625,0.02602487245964369,0.02602487245964369,0.011528461564197179,0.1484375,0.1484375,0.012787109495093318,0.012787109495093318,0.3428512970041018
505,100,0.969,0.9727,-0.0037000000000000366,0.0037000000000000366,0.0037000000000000366,0.9638,0.9748,0.9742,0.9706,0.01100000000000001,0.0035999999999999366,0.014117941808886827,0.014117941808886827,0.051500000059604645,0.025671444638169214,0.9458821916283603,0.894834545936711,0.7707033558050461,0.8124527289286554,0.16723104912912146,1.2419347763061523,0.03125,0.03125,0.1239539277694206,0.1239539277694206,0.007371157392040681,0.1875,0.1875,0.017881576560249357,0.017881576560249357,0.008143859823454405,0.125,0.125,0.03971484411772508,0.03971484411772508,0.03512181794983227
505,500,0.98105,0.9853,-0.004249999999999976,0.004249999999999976,0.004249999999999976,0.9782,0.9842,0.9839,0.9864,0.006000000000000005,0.0025000000000000577,0.010385191747359926,0.010385191747359926,0.026249999180436134,0.01627526072959329,0.9366589121359881,0.7970126040415885,0.7856754474632687,0.8339452867830076,0.20865597424757143,1.2485365867614746,0.03125,0.03125,0.08025992160557394,0.08025992160557394,0.0024078735995026607,0.125,0.125,0.007062779300177624,0.007062779300177624,0.0039713275124477546,0.0859375,0.0859375,0.03099999985784052,0.03099999985784052,0.13724916965809375
505,1000,0.9844,0.9874,-0.0030000000000000027,0.0030000000000000027,0.0030000000000000027,0.9834,0.9867,0.9854,0.9881,0.0032999999999999696,0.0026999999999999247,0.0070314812348457045,0.0070314812348457045,0.02525000087916851,0.013294268345555612,0.9522091587849257,0.9083105235710295,0.805724118362063,0.8458567225081997,0.14298267903345374,1.2539150714874268,0.03125,0.03125,0.11750538948427902,0.11750538948427902,0.0030103756389141534,0.140625,0.140625,0.004829281260406049,0.004829281260406049,0.0028055982983641037,0.109375,0.109375,0.01716601616180924,0.01716601616180924,0.19673827041473846
505,2500,0.9869,0.98605,0.0008500000000000174,0.0008500000000000174,0.0008500000000000174,0.9845,0.9851,0.9893,0.987,0.0005999999999999339,0.0022999999999999687,-0.005087593387103698,0.005087593387103698,0.028750000521540642,0.015409661687557528,0.9361659553594585,0.912531499943309,0.8245289105539132,0.840588969453705,0.13146979475138898,1.2630760669708252,0.03125,0.03125,0.1392140190400255,0.1392140190400255,0.006717449565113345,0.171875,0.171875,0.01017205435937285,0.01017205435937285,0.01177095460847298,0.125,0.125,0.017058593657566234,0.017058593657566234,0.43722277340307025
505,5000,0.9869,0.98695,-4.999999999999449e-05,4.999999999999449e-05,4.999999999999449e-05,0.9851,0.9884,0.9887,0.9855,0.0032999999999999696,0.0031999999999999806,-0.0062559605967592025,0.0062559605967592025,0.026000000536441803,0.01502879948439218,0.9717345692042585,0.8940407941988756,0.817381869785453,0.8289183574836504,0.14428866800783569,1.2726526260375977,0.03125,0.03125,0.1856048728131725,0.1856048728131725,0.0028263275542159683,0.15625,0.15625,0.0055484498050226705,0.0055484498050226705,0.007515887808447808,0.1171875,0.1171875,0.025566406637153705,0.025566406637153705,0.3509628300530787
505,10000,0.98935,0.9876,0.0017499999999999183,0.0017499999999999183,0.0017499999999999183,0.9897,0.9887,0.989,0.9865,0.0010000000000000009,0.0024999999999999467,-0.009988818686350244,0.009988818686350244,0.02174999937415123,0.012772505077677262,0.9445310363028349,0.8606795407442536,0.808921100259527,0.8307088186620571,0.16519967949810965,1.2836273908615112,0.03125,0.03125,0.17381266518907523,0.17381266518907523,0.009821418877285687,0.140625,0.140625,0.009727459417394613,0.009727459417394613,0.005423145382457084,0.1015625,0.1015625,0.020759765375714778,0.020759765375714778,0.3958485664487421
