seed,mean_signed_difference,std_across_probe_seeds,positive_probe_seed_count,negative_probe_seed_count
101,0.006499993801116921,0.0054658155579847744,4,0
202,0.00990000963211056,0.004263194465705202,5,0
303,0.00780000686645502,0.004192269390630844,5,0
404,-0.0061999917030334,0.00532211615285708,0,4
505,0.018399989604949922,0.00465563429021937,5,0
606,0.00489999055862424,0.003974944058581759,4,1
707,-0.00759998559951776,0.0035951299357665977,0,5
808,0.0010999917984008602,0.00368105874732909,3,2
909,0.01069998741149898,0.007395953174462472,5,0
1010,0.009800004959106379,0.00669514743247186,5,0
1111,0.00989998579025264,0.0030700092817106824,5,0
1212,0.0166000127792358,0.0076272348865592705,5,0
1313,0.00970000028610222,0.004751313710566788,5,0
1414,0.0006999850273132599,0.003946517992907383,2,3
1515,0.006699979305267301,0.006360017274500672,4,0
1616,0.01460000276565546,0.0033241869881074394,5,0
1717,-0.0027999997138976997,0.008105552429514941,2,3
1818,-0.005900013446807821,0.005972846972857111,1,4
1919,-0.00599999427795408,0.0030000110467308066,0,5
2020,0.0004999995231628199,0.005147809582312636,3,2
