probe_epoch,domain,analysis_role,n,positive_count,negative_count,zero_count,mean,median,standard_deviation,t_ci_95_low,t_ci_95_high,bootstrap_ci_95_low,bootstrap_ci_95_high,paired_t_statistic,paired_t_pvalue,wilcoxon_statistic,wilcoxon_pvalue,sign_test_statistic,sign_test_pvalue,paired_cohens_dz,minimum,maximum,trimmed_mean_10_percent
1,full,exploratory_epoch_wise,20,9,11,0,0.02579999268054962,-0.029750019311904907,0.14317567790365374,-0.04120828722729848,0.09280827258839773,-0.030975630097091197,0.09082749005407093,0.8058706380496733,0.43028860699703214,105.0,1.0,9,0.8238029479980469,0.1801981527750198,-0.1520000398159027,0.4390000104904175,0.00628124363720417
1,A,exploratory_epoch_wise,20,10,10,0,0.03799999356269836,0.0020000040531158447,0.18699339138893106,-0.04951560751263993,0.12551559463803666,-0.04100251156836748,0.11839999556541443,0.9088082538063186,0.3748355936094542,81.0,0.38837623596191406,10,1.0,0.20321570340238101,-0.1980000138282776,0.3620000183582306,0.027062492445111275
1,B,exploratory_epoch_wise,20,12,8,0,0.013600002601742744,0.021500006318092346,0.18078495727792254,-0.07100996186833472,0.0982099670718202,-0.060249990355223416,0.0932550017256289,0.3364276626724021,0.7402356422621408,104.0,0.9702171637980858,12,0.5034446716308594,0.07522751232468597,-0.23499999940395355,0.5160000249743462,-0.00024999864399433136
2,full,exploratory_epoch_wise,20,12,8,0,0.02445000410079956,0.01600000262260437,0.07551993363871089,-0.010894412813993434,0.059794421015592555,-0.008599990755319595,0.055524996295571324,1.4478792177198654,0.1639516613316677,63.0,0.1230926513671875,12,0.5034446716308594,0.3237556354030837,-0.18550002574920654,0.1629999876022339,0.02693750709295273
2,A,exploratory_epoch_wise,20,15,5,0,0.05460000038146973,0.07249996066093445,0.08322347079743929,0.015650217096000667,0.09354978366693878,0.018147501796483997,0.08889999993145466,2.9340115535829665,0.008516863632604378,36.5,0.010535679701083002,15,0.04138946533203125,0.656064928058128,-0.13099998235702515,0.17400002479553223,0.06093749776482582
2,B,exploratory_epoch_wise,20,9,11,0,-0.005700001120567321,-0.01199999451637268,0.1155472600067846,-0.05977778342609073,0.04837778118495609,-0.0561499984562397,0.04230125077068804,-0.22061258703434633,0.8277474016111505,99.5,0.8373005793912056,9,0.8238029479980469,-0.04933047413008871,-0.24000000953674316,0.2149999737739563,-0.0011250004172325134
5,full,exploratory_epoch_wise,20,12,7,1,0.01214999258518219,0.009499967098236084,0.02878326161340019,-0.0013209885136425594,0.02562097368400694,0.0003249853849411011,0.024925609678030005,1.8877783700466724,0.07442585486531896,54.5,0.10310712967768153,12,0.359283447265625,0.4221200761878112,-0.027000010013580322,0.07949995994567871,0.009968742728233337
5,A,exploratory_epoch_wise,20,14,6,0,0.014349991083145141,0.019999980926513672,0.023897311329845756,0.00316570510607536,0.025534277060214924,0.004048736840486527,0.024249988868832586,2.6854531955947434,0.014641268552658432,42.0,0.018664589466918746,14,0.11531829833984375,0.6004855895743885,-0.0350000262260437,0.050999999046325684,0.015499990433454514
5,B,exploratory_epoch_wise,20,11,9,0,0.009949994087219239,0.003999978303909302,0.04460879376971691,-0.01092756405002343,0.03082755222446191,-0.008649996221065522,0.02970124296844004,0.9975101891164353,0.3310521613561678,85.0,0.45515496267864286,11,0.8238029479980469,0.22305005911130205,-0.078000009059906,0.10799998044967651,0.007874995470046997
10,full,exploratory_epoch_wise,20,13,7,0,0.008174994587898254,0.009000003337860107,0.017028823564655803,0.00020525983525632868,0.01614472934054018,0.0010499952733516694,0.0157499910145998,2.146929709480827,0.044919379549875474,56.0,0.06725913065927369,13,0.26317596435546875,0.48006807733130047,-0.017499983310699463,0.041999995708465576,0.007343742996454239
10,A,exploratory_epoch_wise,20,15,5,0,0.008449995517730713,0.008499979972839355,0.012709202601106417,0.0025019056063033942,0.01439808542915803,0.0029499977827072144,0.013899988010525704,2.9733988795755755,0.007807901289356112,37.0,0.011086851309939286,15,0.04138946533203125,0.6648722018952696,-0.016000032424926758,0.02899998426437378,0.008687499910593033
10,B,exploratory_epoch_wise,20,13,7,0,0.007900005578994751,0.009499996900558472,0.025076506217361304,-0.0038361605934090232,0.019636171751398528,-0.002549994066357613,0.01885000765323639,1.408884423064471,0.17502520278916978,71.0,0.20425139911154133,13,0.26317596435546875,0.3150361342412729,-0.039999961853027344,0.06400001049041748,0.006937503814697266
20,full,primary_final,20,14,6,0,0.005799993872642517,0.00424996018409729,0.01084387106362007,0.0007249059935082267,0.010875081751776807,0.0012999889999628068,0.01057498462498188,2.3919835439248303,0.027255479663557396,46.0,0.027580420403592314,14,0.11531829833984375,0.5348637805276774,-0.013000011444091797,0.02799999713897705,0.005437493324279785
20,A,primary_final,20,14,6,0,0.005300003290176392,0.006999999284744263,0.007712596970632637,0.0016903967970096877,0.008909609783343096,0.0019000113010406495,0.008549994230270386,3.0731977005755162,0.006257713684827917,35.5,0.00941979518229564,14,0.11531829833984375,0.6871878966782898,-0.010999977588653564,0.018999993801116943,0.005625002086162567
20,B,primary_final,20,13,7,0,0.006299999356269836,0.008500009775161743,0.01662307178788774,-0.001479837719414157,0.014079836431953829,-0.0005000115185976028,0.013501260653138144,1.694900557319232,0.10642174036762005,57.5,0.07607638294690391,13,0.26317596435546875,0.3789912861268082,-0.02899998426437378,0.042999982833862305,0.005750000476837158
