scenario,epoch,phase,phase_data,pc1,pc2,distance_from_init,distance_to_other_scenario_same_epoch
SAB,0,0,init,12.586342811584473,-9.872954368591309,0.0,0.0
SAB,1,1,A,-17.65097427368164,1.0349678993225098,36.1004524230957,37.33502960205078
SAB,2,1,A,-17.893035888671875,1.0553325414657593,36.18784713745117,37.53544235229492
SAB,3,1,A,-18.03826141357422,1.0687788724899292,36.26654815673828,37.70530700683594
SAB,4,1,A,-18.180767059326172,1.0544579029083252,36.34872055053711,37.8695182800293
SAB,5,1,A,-18.281719207763672,1.0793731212615967,36.41847229003906,37.993587493896484
SAB,6,1,A,-18.36652946472168,1.0657154321670532,36.49496078491211,38.1747932434082
SAB,7,1,A,-18.505970001220703,1.05423104763031,36.601436614990234,38.330936431884766
SAB,8,1,A,-18.565380096435547,1.0730763673782349,36.673797607421875,38.459930419921875
SAB,9,1,A,-18.636098861694336,1.0637702941894531,36.74406051635742,38.577823638916016
SAB,10,1,A,-18.680557250976562,1.0688762664794922,36.80083465576172,38.672767639160156
SAB,11,2,B,-20.652936935424805,-0.27271831035614014,38.70775604248047,40.935577392578125
SAB,12,2,B,-20.80065155029297,-0.3264745771884918,38.81288146972656,41.237545013427734
SAB,13,2,B,-20.88661003112793,-0.36834511160850525,38.930030822753906,41.458309173583984
SAB,14,2,B,-20.968505859375,-0.39274218678474426,39.02885437011719,41.6644172668457
SAB,15,2,B,-21.02480697631836,-0.40011709928512573,39.1303596496582,41.83848571777344
SAB,16,2,B,-21.053850173950195,-0.39926832914352417,39.211612701416016,41.99999237060547
SAB,17,2,B,-21.094951629638672,-0.3957754671573639,39.291603088378906,42.40890884399414
SAB,18,2,B,-21.11614990234375,-0.3989453613758087,39.36285400390625,42.498817443847656
SAB,19,2,B,-21.1519832611084,-0.43048739433288574,39.440773010253906,42.660587310791016
SAB,20,2,B,-21.164859771728516,-0.40402328968048096,39.514095306396484,42.73267364501953
SBA,0,0,init,12.58634090423584,-9.872955322265625,0.0,0.0
SBA,1,1,B,17.118362426757812,-7.857338905334473,17.793310165405273,37.33502960205078
SBA,2,1,B,17.3230037689209,-7.72189474105835,18.03132438659668,37.53544235229492
SBA,3,1,B,17.453628540039062,-7.657401084899902,18.238489151000977,37.70530700683594
SBA,4,1,B,17.560991287231445,-7.5668840408325195,18.39857292175293,37.8695182800293
SBA,5,1,B,17.63678741455078,-7.466939449310303,18.55153465270996,37.993587493896484
SBA,6,1,B,17.728782653808594,-7.49599552154541,18.694257736206055,38.1747932434082
SBA,7,1,B,17.785051345825195,-7.407212257385254,18.82078742980957,38.330936431884766
SBA,8,1,B,17.83596420288086,-7.372613430023193,18.95968246459961,38.459930419921875
SBA,9,1,B,17.883407592773438,-7.339051246643066,19.041019439697266,38.577823638916016
SBA,10,1,B,17.90557098388672,-7.37529993057251,19.100305557250977,38.672767639160156
SBA,11,2,A,18.694625854492188,6.898505687713623,23.540788650512695,40.935577392578125
SBA,12,2,A,18.873292922973633,7.776210308074951,23.864633560180664,41.237545013427734
SBA,13,2,A,18.993757247924805,8.179096221923828,24.02880859375,41.458309173583984
SBA,14,2,A,19.063859939575195,8.486000061035156,24.195110321044922,41.6644172668457
SBA,15,2,A,19.115684509277344,8.732099533081055,24.34653091430664,41.83848571777344
SBA,16,2,A,19.172948837280273,8.945287704467773,24.491331100463867,41.99999237060547
SBA,17,2,A,19.331764221191406,9.624046325683594,25.094717025756836,42.40890884399414
SBA,18,2,A,19.33026123046875,9.75566577911377,25.191293716430664,42.498817443847656
SBA,19,2,A,19.367700576782227,9.864297866821289,25.29242515563965,42.660587310791016
SBA,20,2,A,19.366458892822266,9.915593147277832,25.369905471801758,42.73267364501953
