seed,relaxation_step,full_accuracy_sabc,full_accuracy_sbac,signed_full_accuracy_difference_sabc_minus_sbac,absolute_accuracy_gap,full_accuracy_difference,A_accuracy_sabc,A_accuracy_sbac,B_accuracy_sabc,B_accuracy_sbac,A_accuracy_difference,B_accuracy_difference,full_loss_difference_sabc_minus_sbac,full_loss_difference,prediction_disagreement,js_divergence,cka_conv1,cka_conv2,cka_fc1,cka_logits,representation_history_score,normalized_weight_distance,conv1_dead_ratio_difference,conv1_average_sparsity_difference,conv1_average_activation_variance_difference,conv2_dead_ratio_difference,conv2_average_sparsity_difference,conv2_average_activation_variance_difference,fc1_dead_ratio_difference,fc1_average_sparsity_difference,fc1_average_activation_variance_difference
101,0,0.4814,0.5114,-0.02999999999999997,0.02999999999999997,0.02999999999999997,0.0,0.9951352403191283,0.9903312075704588,0.0,0.9951352403191283,0.9903312075704588,-4.924770613098145,4.924770613098145,1.0,0.692636677318938,0.981066765593389,0.5465968191231959,0.4275808240926545,0.2649471253230391,0.5129111783920748,1.2840995788574219,0.0,0.16142819412925746,0.1318226464744825,0.03125,0.001412388620124716,0.10390800943839805,0.1328125,0.02050781317302608,1.648588856208214
101,100,0.9631,0.9507,0.012399999999999967,0.012399999999999967,0.012399999999999967,0.9747032496594669,0.9723681650126483,0.9508331619008434,0.9277926352602345,0.0023350846468185305,0.02304052664060896,-0.041293042901158344,0.041293042901158344,0.06750000268220901,0.03747894187034122,0.9977171604613214,0.8572060224727479,0.7721063989429168,0.7303645722042383,0.18534378929216766,1.2674552202224731,0.0,0.2246975688913153,0.07289153079632271,0.046875,0.003741549874675343,0.013760114634223476,0.171875,0.01042578206579492,0.09537195006849308
101,500,0.9789,0.9761,0.0028000000000000247,0.0028000000000000247,0.0028000000000000247,0.9875462152169683,0.9817085035999221,0.9697593087842008,0.970170746759926,0.00583771161704616,0.0004114379757251818,-0.006956799470260747,0.006956799470260747,0.03500000014901161,0.01790967188895206,0.9903865756953767,0.9512412960124216,0.8342946707612587,0.792165014515809,0.10723201661315984,1.2706902027130127,0.0,0.24843692012473184,0.03465296534200535,0.015625,0.006821189445155085,0.0071837026071739155,0.109375,0.025500001325326593,0.10348640887059712
101,1000,0.9818,0.9832,-0.0013999999999999568,0.0013999999999999568,0.0013999999999999568,0.9807355516637478,0.9883245767659078,0.9829253240074058,0.9777823493108414,0.007589025102159974,0.00514297469656444,0.005184164291061465,0.005184164291061465,0.02850000001490116,0.013675978657410711,0.9902438978278784,0.9301641436746008,0.8324527612989371,0.7845249948116798,0.11869154751323108,1.272422194480896,0.03125,0.17317089563402988,0.01005368594865863,0.015625,0.002499083345654185,0.006564473446992243,0.0390625,0.02453124995872713,0.010182019357197758
101,2500,0.9869,0.9854,0.0014999999999999458,0.0014999999999999458,0.0014999999999999458,0.9914380229616657,0.9892975287020821,0.9821024480559556,0.9812795721045052,0.002140494259583625,0.0008228759514503636,0.0021913232712657132,0.0021913232712657132,0.0215000007301569,0.011227439191096427,0.9967591908275262,0.9075252240526712,0.8191286634334057,0.7973632508401719,0.13667305625696158,1.2803841829299927,0.03125,0.1574337715137517,0.001497239666047534,0.0,8.462209486026495e-05,0.004648343270071215,0.09375,0.0005273440115161065,0.09436784852135371
101,5000,0.9849,0.9872,-0.0022999999999999687,0.0022999999999999687,0.0022999999999999687,0.9912434325744308,0.9916326133489005,0.9781937872865666,0.9825138860316808,0.00038918077446969956,0.004320098745114187,0.018912359219751082,0.018912359219751082,0.02800000086426735,0.01654004921020854,0.9984081298408033,0.9038215814101141,0.7933292025338975,0.7867568043993565,0.15142460802799418,1.2875149250030518,0.03125,0.13104537584058562,0.008938637766490842,0.0,0.001170679156977883,0.002496058899142631,0.140625,0.009406249357652996,0.36463212063806605
101,10000,0.9887,0.9882,0.000500000000000056,0.000500000000000056,0.000500000000000056,0.9916326133489005,0.9926055652850749,0.9855996708496194,0.9835424809709936,0.0009729519361744154,0.002057189878625798,-0.001769734654996885,0.001769734654996885,0.016499999910593033,0.01115788152200678,0.9960419217730824,0.8770265147483843,0.8076009804946603,0.7779220681327046,0.15768625237847766,1.3001359701156616,0.03125,0.1063053048637812,0.006120938819755395,0.0,0.0015226006222377464,0.008515581009097162,0.15625,0.004191407464531949,0.64422791146864
101,25000,0.9848,0.9868,-0.0020000000000000018,0.0020000000000000018,0.0020000000000000018,0.9902704806382565,0.9914380229616657,0.9790166632380168,0.981896729068093,0.0011675423234092097,0.0028800658300761617,0.009241483042709775,0.009241483042709775,0.024000000208616257,0.014603634361414142,0.9964409024969219,0.9003891259909926,0.7922476806024676,0.7630319334877288,0.15368159670326986,1.3237355947494507,0.03125,0.03648571057965455,0.0058156666192275,0.0,5.3890383789223506e-05,0.016753716022364418,0.15625,0.00012499980675784172,2.731980164469583
101,50000,0.9827,0.9831,-0.00039999999999995595,0.00039999999999995595,0.00039999999999995595,0.98482194979568,0.9898812998637867,0.980456696153055,0.9759308784200782,0.0050593500681066494,0.004525817732976778,-0.10262389219720058,0.10262389219720058,0.03099999949336052,0.020532120114338998,0.9804841756989487,0.7498198440801109,0.8034400141268697,0.713349858682701,0.22337007089650962,1.3472912311553955,0.0625,0.026798466638865648,0.007864159272799043,0.03125,0.0010709501392796028,0.19118035706341419,0.140625,0.005804687372801709,26.254448689876895
202,0,0.4802,0.5124,-0.03219999999999995,0.03219999999999995,0.03219999999999995,0.0,0.997081144191477,0.9878625797161078,0.0,0.997081144191477,0.9878625797161078,0.2247898132324213,0.2247898132324213,1.0,0.6925493274756316,0.9942661037256532,0.9358465909308925,0.40082257686996586,0.16198584281165102,0.3316654160995708,1.2603830099105835,0.03125,0.01972339628446207,0.02218692337462702,0.078125,0.007064294145692429,0.04608378702545629,0.3515625,0.06833593717874464,0.751304234422431
202,100,0.9455,0.9517,-0.006199999999999983,0.006199999999999983,0.006199999999999983,0.9414282934423039,0.9540766686125706,0.9498045669615306,0.9491874099979428,0.012648375170266624,0.0006171569635877727,0.02299758678674696,0.02299758678674696,0.08449999988079071,0.043446903098552654,0.9977550387586405,0.9575518204261109,0.8066198113873941,0.8141920678043791,0.1179141840932475,1.252228021621704,0.03125,0.02774968864287075,0.016375945617770782,0.046875,0.005893335115274567,0.012359513206108876,0.28125,0.06782421897923996,0.06794740789538556
202,500,0.9785,0.9745,0.0040000000000000036,0.0040000000000000036,0.0040000000000000036,0.9799571901148083,0.9857949017318545,0.976959473359391,0.9625591442090105,0.00583771161704616,0.014400329150380586,-0.01789072560220957,0.01789072560220957,0.03849999979138374,0.017195457254068472,0.9973295446964038,0.9725245117836382,0.851162187281881,0.8556811754724788,0.08815665046724042,1.2596970796585083,0.09375,0.06294243990805626,0.026830132815383045,0.0625,0.0029206792104332635,0.017281744296874943,0.1796875,0.03773437532618118,0.37327479045743295
202,1000,0.9813,0.9788,0.0024999999999999467,0.0024999999999999467,0.0024999999999999467,0.985016540182915,0.9799571901148083,0.9773709113351162,0.9775766303229788,0.0050593500681066494,0.0002057189878625909,0.0008123655222356391,0.0008123655222356391,0.020999999716877937,0.011625193565208781,0.993617043677661,0.9525928545644473,0.8598329581728551,0.8724704997886499,0.09378709363134874,1.2655785083770752,0.09375,0.07216881051567725,0.020028356842080264,0.046875,0.0026813615561778192,0.0014375623651031177,0.1171875,0.042210937148411176,0.10075410048839362
202,2500,0.9858,0.9843,0.0015000000000000568,0.0015000000000000568,0.0015000000000000568,0.9902704806382565,0.9867678536680288,0.9810738531166426,0.9816910100802304,0.00350262697022774,0.0006171569635877727,-0.006700384164648132,0.006700384164648132,0.020999999716877937,0.011869471489760065,0.9923830987327539,0.9616173126223884,0.8192664470311417,0.8552660686807416,0.10955812017323496,1.2780815362930298,0.125,0.03287452000608937,0.006526240372245695,0.078125,0.00024429974298811885,0.003262863555655221,0.15625,0.043812499276100425,0.11491109200175398
202,5000,0.9836,0.9826,0.0010000000000000009,0.0010000000000000009,0.0010000000000000009,0.9854057209573847,0.9822922747616267,0.9816910100802304,0.9829253240074058,0.0031134461957579296,0.0012343139271754344,0.0026205220476782365,0.0026205220476782365,0.02500000037252903,0.014964474240692272,0.9864581206708598,0.9590680102977317,0.7908708802542879,0.8086581252221112,0.12503055472399027,1.2925688028335571,0.125,0.08769345387577232,0.00547687024816379,0.09375,0.0010306521995246953,0.004755995925403003,0.1484375,0.032101561947001755,0.1035992698920225
202,10000,0.985,0.9823,0.0027000000000000357,0.0027000000000000357,0.0027000000000000357,0.989492119089317,0.9854057209573847,0.9802509771651924,0.9790166632380168,0.004086398131932345,0.0012343139271755454,-0.018517955893273597,0.018517955893273597,0.02449999935925007,0.014840104480735219,0.9792670245505982,0.9292799455483418,0.8048205664713031,0.7979084020622548,0.13294974399017756,1.3077949285507202,0.09375,0.03493006707731183,0.003336638203887521,0.078125,0.00028706947746570677,0.009973832843321873,0.1484375,0.03423437436731547,0.20988884607881175
202,25000,0.9864,0.9843,0.002100000000000102,0.002100000000000102,0.002100000000000102,0.9916326133489005,0.9902704806382565,0.98086813412878,0.977988068298704,0.001362132710644004,0.0028800658300760507,-0.008234032246546077,0.008234032246546077,0.02500000037252903,0.01539202373763978,0.9802539565763113,0.9418803160323798,0.7728017044314854,0.8049224530076406,0.14265898976806746,1.3301053047180176,0.125,0.05301955021059257,0.005503336767370137,0.078125,0.002111089302616165,0.019476187122326044,0.125,0.022343749537867552,2.9554543410878935
202,50000,0.9812,0.981,0.00019999999999997797,0.00019999999999997797,0.00019999999999997797,0.9898812998637867,0.9875462152169683,0.9720222176506892,0.974079407529315,0.0023350846468184194,0.002057189878625798,-0.012840367564455502,0.012840367564455502,0.03849999979138374,0.024210083955853726,0.9740570158313853,0.8297856896532209,0.7906039732104437,0.7233201135178503,0.18980516856816765,1.346505045890808,0.09375,0.059712830067837785,0.00325182367961796,0.125,0.0015724252519291326,0.032479457849826365,0.1328125,0.01651953106829751,2.5588456905893224
303,0,0.4813,0.5122,-0.030899999999999983,0.030899999999999983,0.030899999999999983,0.0,0.9966919634170072,0.9901254885825962,0.0,0.9966919634170072,0.9901254885825962,-1.0128194580078116,1.0128194580078116,1.0,0.693035811067371,0.9897975682567957,0.8340025120223353,0.45457919095681426,0.24704214251080023,0.35570914851042523,1.2375338077545166,0.0,0.012313473844187683,0.020317250511183715,0.125,0.0030955438274418157,0.062374574954764034,0.1015625,0.04422656234464739,1.1672075689662331
303,100,0.9568,0.9498,0.007000000000000006,0.007000000000000006,0.007000000000000006,0.966919634170072,0.9529091262891614,0.9461016251800041,0.9465130631557293,0.014010507880910628,0.0004114379757251818,-0.024158379387855533,0.024158379387855533,0.08100000023841858,0.042389912524385634,0.9958528134534498,0.8311888759621973,0.7746221163550571,0.7393667815130389,0.19709450384137284,1.247344970703125,0.0,0.024391264963924186,0.006469461382437203,0.046875,0.0009241470106147176,0.0015725157861748162,0.0390625,0.01262500092616392,0.28845839712776467
303,500,0.974,0.9782,-0.0041999999999999815,0.0041999999999999815,0.0041999999999999815,0.9844327690212104,0.98482194979568,0.9629705821847356,0.9711993416992388,0.00038918077446969956,0.008228759514503192,0.006978875148296357,0.006978875148296357,0.04050000011920929,0.02161816217248024,0.9882509638529585,0.8754304427418921,0.8165074745159034,0.7865078694544593,0.15403104137110224,1.2519639730453491,0.0,0.052726107511261944,0.0070086398011284246,0.0,0.005583187191213312,0.012766890935698813,0.0,0.0177226566115678,0.159475107057636
303,1000,0.9832,0.9801,0.0030999999999999917,0.0030999999999999917,0.0030999999999999917,0.9863786728935591,0.9883245767659078,0.9798395391894672,0.9714050606871014,0.0019459038723487199,0.008434478502365783,-0.00931545415557921,0.00931545415557921,0.025499999523162842,0.015896097268471274,0.9881077303954605,0.9198415557114706,0.8252279508020679,0.7895530418702107,0.12746524674323068,1.2554851770401,0.0,0.03519120097553241,7.213579341680543e-05,0.03125,0.002196269158652342,0.004825060771981422,0.0546875,0.01368749887933518,0.3507830177818607
303,2500,0.9856,0.9803,0.005300000000000082,0.005300000000000082,0.005300000000000082,0.9869624440552637,0.983459817085036,0.9841596379345814,0.976959473359391,0.003502626970227629,0.007200164575190349,-0.01510552179075312,0.01510552179075312,0.03400000184774399,0.017287830652013357,0.9900075191255034,0.8950610554866703,0.7984859375749996,0.7861034087988679,0.1532265034691651,1.265820860862732,0.0,0.03562344557030883,0.005317668705998813,0.046875,0.002106066695240827,0.009277609233120793,0.015625,0.014941407387595973,0.1637035903803885
303,5000,0.986,0.9854,0.0005999999999999339,0.0005999999999999339,0.0005999999999999339,0.99241097489784,0.9916326133489005,0.9792223822258794,0.9788109442501542,0.0007783615489395102,0.0004114379757251818,-0.006347132573230198,0.006347132573230198,0.027000000700354576,0.01587988763111061,0.9905669209676025,0.9025833622141789,0.821806950591873,0.7817908268681725,0.1378048435969741,1.281204342842102,0.0,0.06258864863411873,0.002693111346530941,0.015625,0.00486487588394624,0.012966222322054508,0.015625,0.0043476557766553015,0.1119087454127663
303,10000,0.9848,0.9849,-9.999999999998899e-05,9.999999999998899e-05,9.999999999998899e-05,0.9891029383148473,0.9869624440552637,0.9802509771651924,0.9827196050195433,0.002140494259583625,0.002468627854350869,0.0043228972929580806,0.0043228972929580806,0.027499999850988388,0.015542679157858287,0.9895550834317378,0.8726276292094733,0.7894941089523825,0.7774126482115231,0.1689391309190721,1.2978967428207397,0.0,0.00836073038590257,0.00251143037198176,0.0,8.490003565952975e-06,0.028065736892310775,0.015625,0.005988281727695721,0.507911446059973
303,25000,0.985,0.9837,0.0012999999999999678,0.0012999999999999678,0.0012999999999999678,0.9914380229616657,0.9883245767659078,0.9781937872865666,0.9788109442501542,0.0031134461957579296,0.0006171569635876617,-0.023887515523695918,0.023887515523695918,0.030500000342726707,0.018453435435681398,0.9875984911381407,0.8583963427050155,0.7521759291698931,0.746503063663679,0.19471386406254565,1.3255157470703125,0.0,0.05910783998115221,0.0036200144447207094,0.03125,0.0014677932968467644,0.028000076601803564,0.015625,0.0028085929407097865,2.248167820280294
303,50000,0.9853,0.9826,0.0026999999999999247,0.0026999999999999247,0.0026999999999999247,0.9871570344424986,0.9791788285658688,0.983336761983131,0.9862168278132072,0.007978205876629785,0.0028800658300761617,-0.06674716241143636,0.06674716241143636,0.024000000208616257,0.015485856760540593,0.9934848266946096,0.8967801537285806,0.7899708047518091,0.7701479751784204,0.15662452075980515,1.347046136856079,0.0,0.02551390947337495,0.015677751137900486,0.078125,0.0007276389190380428,0.05234116703852465,0.0234375,0.003113281393325451,1.8823959714222696
404,0,0.4803,0.5114,-0.03109999999999996,0.03109999999999996,0.03109999999999996,0.0,0.9951352403191283,0.9880682987039704,0.0,0.9951352403191283,0.9880682987039704,1.8930644386291497,1.8930644386291497,1.0,0.6926105866629746,0.9638340496409137,0.7139426680335044,0.4619988128211291,0.20932821742540475,0.4120292595726833,1.3049267530441284,0.15625,0.34469125163235503,0.04124868481123013,0.0625,0.005212811464289757,0.03707466973321663,0.375,0.06995703234179018,0.38531010359694107
404,100,0.9591,0.9503,0.008799999999999919,0.008799999999999919,0.008799999999999919,0.9624440552636699,0.9595251994551469,0.9555646986216828,0.9405472125077144,0.0029188558085230243,0.015017486113968359,-0.028340228456258776,0.028340228456258776,0.07850000262260437,0.03854039234792414,0.8776238584137471,0.8076207052490757,0.7965173493785961,0.7817347795205738,0.1979309726861641,1.3150603771209717,0.15625,0.16116726872164122,0.03381241687535887,0.078125,0.02287998260733559,0.010792251587722373,0.2109375,0.0902734380210859,0.013512688833488218
404,500,0.9797,0.9811,-0.0013999999999999568,0.0013999999999999568,0.0013999999999999568,0.9784004670169294,0.985016540182915,0.9810738531166426,0.976959473359391,0.006616073165985559,0.004114379757251596,0.004107815850339834,0.004107815850339834,0.03350000083446503,0.018849641346554813,0.9124929362230393,0.8716850039406179,0.82991775923979,0.835921369611537,0.14919861840979598,1.3162115812301636,0.15625,0.19761033265140782,0.026720326867563052,0.078125,0.016122250034612762,0.01177868824034653,0.1953125,0.06080859367057201,0.07293692981964917
404,1000,0.9822,0.9778,0.0043999999999999595,0.0043999999999999595,0.0043999999999999595,0.9857949017318545,0.985016540182915,0.9783995062744292,0.970170746759926,0.0007783615489395102,0.008228759514503192,-0.01644663042351604,0.01644663042351604,0.03500000014901161,0.018204411679434186,0.908842177559174,0.8784554948967558,0.8341193091348682,0.7947494962520328,0.143712597984188,1.3171559572219849,0.15625,0.21065852410120556,0.018124121308200535,0.0625,0.018012595418198885,0.012723674712718833,0.1875,0.040203126234246156,0.1434956461221928
404,2500,0.9849,0.985,-9.999999999998899e-05,9.999999999998899e-05,9.999999999998899e-05,0.9885191671531426,0.9918272037361354,0.9810738531166426,0.9777823493108414,0.003308036582992835,0.0032915038058012325,-0.003164808357856236,0.003164808357856236,0.02500000037252903,0.01304031463844661,0.8947631721916791,0.9320486022368184,0.8074934451684719,0.8048194703795789,0.13022897629735486,1.321475625038147,0.1875,0.15929533612747093,0.025142146056152302,0.078125,0.011186184776839525,0.026397555707794826,0.1015625,0.03688281202357757,0.6199597022112027
404,5000,0.9859,0.987,-0.0010999999999999899,0.0010999999999999899,0.0010999999999999899,0.9904650710254913,0.9869624440552637,0.9810738531166426,0.9870397037646574,0.003502626970227629,0.005965850648014803,0.004157397101662352,0.004157397101662352,0.019500000402331352,0.011112760037473295,0.9117522406054247,0.914144569420251,0.7993853682338099,0.7846695040613452,0.14323503117296954,1.325355887413025,0.1875,0.21217610148504207,0.01800710061279625,0.09375,0.007182398211860175,0.033248242488784704,0.140625,0.032660155093708454,0.8013275763138266
404,10000,0.9858,0.9879,-0.0020999999999999908,0.0020999999999999908,0.0020999999999999908,0.9902704806382565,0.9926055652850749,0.9810738531166426,0.9829253240074058,0.0023350846468184194,0.0018514708907632071,0.013862971203353433,0.013862971203353433,0.02199999988079071,0.012630042241952234,0.9400609451087857,0.8683653464611721,0.7734213734594831,0.7294006925701879,0.17910664003967236,1.3307883739471436,0.1875,0.15260841924272484,0.024664803686927833,0.078125,0.011676458500176068,0.029774173585813135,0.140625,0.03575390635023723,0.8096827723039128
404,25000,0.9861,0.9863,-0.00019999999999997797,0.00019999999999997797,0.00019999999999997797,0.9910488421871959,0.9896867094765519,0.98086813412878,0.9827196050195433,0.001362132710644004,0.0018514708907632071,0.024730875514485245,0.024730875514485245,0.023000000044703484,0.014163918516531543,0.8978246352843499,0.8589905604114223,0.7873833305712904,0.7109031193729346,0.1768130545086437,1.33815336227417,0.1875,0.13619009145866912,0.0062422499439482165,0.078125,0.00980062163392148,0.01975973948117632,0.171875,0.034617187629010004,0.33209227073758285
404,50000,0.9847,0.9837,0.0010000000000000009,0.0010000000000000009,0.0010000000000000009,0.9867678536680288,0.9854057209573847,0.9825138860316808,0.981896729068093,0.001362132710644115,0.0006171569635877727,-0.024831273488625794,0.024831273488625794,0.03099999949336052,0.0206547865951619,0.9853005323388908,0.7475711912334189,0.792442525227993,0.6792805234891428,0.22999314176929408,1.3467799425125122,0.15625,0.1182676760257344,0.005050309788715929,0.03125,0.004183394426426901,0.06528960703495307,0.109375,0.02933593774559995,0.26335456229057286
505,0,0.4812,0.5106,-0.029400000000000037,0.029400000000000037,0.029400000000000037,0.0,0.9935785172212492,0.9899197695947336,0.0,0.9935785172212492,0.9899197695947336,-1.0573584587097162,1.0573584587097162,1.0,0.692308841540444,0.9730944485698705,0.8812176761431999,0.43244339579358965,0.1407540649495009,0.3431694640316052,1.2648320198059082,0.03125,0.13485662297227918,0.073258905715329,0.015625,0.0025925943190259204,0.05768744445012865,0.2734375,0.13407812334207847,0.32562281350122735
505,100,0.9562,0.9446,0.011600000000000055,0.011600000000000055,0.011600000000000055,0.9748978400467017,0.957968476357268,0.9364328327504629,0.930466982102448,0.016929363689433652,0.005965850648014803,-0.035577911187708366,0.035577911187708366,0.08150000125169754,0.04468723998717271,0.9516475129327164,0.9108432984918312,0.7597290302986998,0.693314683150451,0.16471383560473452,1.2645983695983887,0.0625,0.18393691354052066,0.05963096054527184,0.203125,0.0015337610668240131,0.028528451591124902,0.2890625,0.13584765461928328,0.7087558691279916
505,500,0.9774,0.9725,0.0049000000000000155,0.0049000000000000155,0.0049000000000000155,0.9885191671531426,0.9881299863786729,0.9656449290269492,0.955976136597408,0.00038918077446969956,0.009668792429541218,-0.0137034876998514,0.0137034876998514,0.035999998450279236,0.016475397772469525,0.9928162705162805,0.9679130670933414,0.8067225020281836,0.7793870466843552,0.11268221543923751,1.2703955173492432,0.0625,0.1005936936781211,0.03685954934027724,0.1875,0.0009025828515376588,0.017343909501791044,0.3203125,0.11726562363310222,0.482897171758646
505,1000,0.9803,0.977,0.0032999999999999696,0.0032999999999999696,0.0032999999999999696,0.9824868651488616,0.9791788285658688,0.977988068298704,0.9746965644929027,0.003308036582992835,0.0032915038058013435,-0.009456230316311126,0.009456230316311126,0.039500001817941666,0.018630881821717033,0.97912488526947,0.9397397541144545,0.8172676621402669,0.7381233422738372,0.12149629187263922,1.2737414836883545,0.0625,0.1291718782863711,0.02131466963321249,0.15625,0.001959980978185172,0.013548008269352485,0.3203125,0.1083710945204075,0.39406922557040147
505,2500,0.9844,0.9823,0.002100000000000102,0.002100000000000102,0.002100000000000102,0.9854057209573847,0.9856003113446196,0.983336761983131,0.9788109442501542,0.0001945903872349053,0.004525817732976778,-0.016281842849319217,0.016281842849319217,0.032499998807907104,0.014341069455239084,0.9924432865544436,0.9753435616880294,0.8479139224263359,0.7583274226848484,0.0883712579428173,1.281369686126709,0.0625,0.1227171683411612,0.012710670409636027,0.15625,0.0037501994119040205,2.6571365153313375e-05,0.3515625,0.10268359346355282,0.14149927519596028
505,5000,0.9812,0.9844,-0.0032000000000000917,0.0032000000000000917,0.0032000000000000917,0.9842381786339754,0.9857949017318545,0.977988068298704,0.9829253240074058,0.0015567230978790203,0.004937255708701849,0.00908081197910069,0.00908081197910069,0.030500000342726707,0.01721987777396051,0.9870315867012469,0.9532218110496979,0.7964065074318348,0.7830811819485639,0.12518584075923367,1.2912168502807617,0.0625,0.12748624803493414,0.010660435660041823,0.1875,0.0046108098867563285,0.015783515649033616,0.3046875,0.08516796937419713,1.3176414243875412
505,10000,0.9869,0.9858,0.0010999999999999899,0.0010999999999999899,0.0010999999999999899,0.9904650710254913,0.9916326133489005,0.9831310429952684,0.9796338202016046,0.0011675423234092097,0.0034972227936638234,-0.003168620335547434,0.003168620335547434,0.02199999988079071,0.012850738232044908,0.9873306022423187,0.9566415670420895,0.7882780876279439,0.6977405984956678,0.1275401726649833,1.3042323589324951,0.0625,0.1462389389659009,0.022838052306847545,0.15625,0.0014982061907105049,0.026880907894573924,0.28125,0.08002343622092667,0.1301058283486327
505,25000,0.9887,0.9861,0.0026000000000000467,0.0026000000000000467,0.0026000000000000467,0.9904650710254913,0.989492119089317,0.9868339847767948,0.9825138860316808,0.0009729519361743044,0.004320098745114076,0.004947460911574997,0.004947460911574997,0.025499999523162842,0.015392274846578947,0.9924002867070718,0.9355629466220227,0.7756133642885595,0.7026989487848677,0.1444118445447089,1.328456163406372,0.0625,0.14032868364072115,0.03346909132536799,0.125,0.006286511630769098,0.11839710750252917,0.2421875,0.06637109405710362,5.411202103929805
505,50000,0.9901,0.9854,0.0046999999999999265,0.0046999999999999265,0.0046999999999999265,0.993967697995719,0.9854057209573847,0.9860111088253446,0.9853939518617568,0.00856197703833439,0.0006171569635877727,-0.09293366639043982,0.09293366639043982,0.02199999988079071,0.014653190384550414,0.9865527897173442,0.9279557675788922,0.7698436894666687,0.6855292805415348,0.1511002714772196,1.3745023012161255,0.09375,0.1988764739601443,0.035560104048164745,0.078125,0.0037588088363378347,0.01254025398525277,0.21875,0.012394531641803042,9.009033326893231
