scenario,layer,unit,mean_activation,variance,nonzero_rate,sparsity_rate,dead
SAB,conv1,0,0.2861490249633789,0.06169340759515762,0.7745382785797119,0.22546172142028809,False
SAB,conv1,1,0.14498910307884216,0.015626098960638046,0.5790854692459106,0.42091453075408936,False
SAB,conv1,2,6.043579787728959e-07,5.037693640019825e-08,1.4030611964699347e-05,0.9999859693880353,True
SAB,conv1,3,0.5185513496398926,0.11949928849935532,0.7442958950996399,0.2557041049003601,False
SAB,conv1,4,0.0677151158452034,0.003308666869997978,0.6227729320526123,0.3772270679473877,False
SAB,conv1,5,0.0026886125560849905,0.0008316944586113095,0.014815051108598709,0.9851849488914013,False
SAB,conv1,6,0.8059845566749573,0.23208260536193848,0.78248530626297,0.21751469373703003,False
SAB,conv1,7,0.09107895195484161,0.013907771557569504,0.6746740937232971,0.3253259062767029,False
SAB,conv1,8,0.0709196999669075,0.09689050912857056,0.08750765025615692,0.9124923497438431,False
SAB,conv1,9,0.00203313073143363,0.0007137084612622857,0.010547831654548645,0.9894521683454514,False
SAB,conv1,10,0.24071340262889862,0.040072131901979446,0.6851900219917297,0.31480997800827026,False
SAB,conv1,11,0.07709628343582153,0.007794523611664772,0.6712327599525452,0.32876724004745483,False
SAB,conv1,12,8.25438564788783e-06,1.8146970148791297e-07,0.0006849489873275161,0.9993150510126725,False
SAB,conv1,13,0.0,0.0,0.0,1.0,True
SAB,conv1,14,0.20520402491092682,0.12574458122253418,0.6678105592727661,0.3321894407272339,False
SAB,conv1,15,0.28619593381881714,0.03978411480784416,0.7201932668685913,0.2798067331314087,False
SAB,conv1,16,0.0,0.0,0.0,1.0,True
SAB,conv1,17,1.4519042679239647e-06,8.290867725690987e-08,3.95408169424627e-05,0.9999604591830575,True
SAB,conv1,18,0.0,0.0,0.0,1.0,True
SAB,conv1,19,0.3716851472854614,0.0798785462975502,0.7914725542068481,0.20852744579315186,False
SAB,conv1,20,0.2895169258117676,0.03222999349236488,0.7780120968818665,0.22198790311813354,False
SAB,conv1,21,0.12793201208114624,0.1837530881166458,0.6598188877105713,0.3401811122894287,False
SAB,conv1,22,0.14215087890625,0.015367262065410614,0.5726205110549927,0.4273794889450073,False
SAB,conv1,23,0.6519675254821777,0.1800924837589264,0.7502812743186951,0.24971872568130493,False
SAB,conv1,24,0.0,0.0,0.0,1.0,True
SAB,conv1,25,0.21627284586429596,0.34808018803596497,0.23166517913341522,0.7683348208665848,False
SAB,conv1,26,0.04237084835767746,0.0013782210880890489,0.5702283382415771,0.42977166175842285,False
SAB,conv1,27,0.15385234355926514,0.013787834905087948,0.6666128635406494,0.3333871364593506,False
SAB,conv1,28,0.0,0.0,0.0,1.0,True
SAB,conv1,29,0.1953958123922348,0.021128356456756592,0.6835625171661377,0.3164374828338623,False
SAB,conv1,30,0.17764240503311157,0.34614697098731995,0.1763322651386261,0.8236677348613739,False
SAB,conv1,31,0.21900589764118195,0.025163527578115463,0.7117213010787964,0.2882786989212036,False
SAB,conv2,0,1.8601851081712084e-07,6.301433153055314e-09,7.653061402379535e-06,0.9999923469385976,True
SAB,conv2,1,0.0,0.0,0.0,1.0,True
SAB,conv2,2,0.0,0.0,0.0,1.0,True
SAB,conv2,3,0.23179411888122559,0.8980759382247925,0.09713520109653473,0.9028647989034653,False
SAB,conv2,4,4.988650204040823e-08,9.75553415827335e-10,2.5510203158773948e-06,0.9999974489796841,True
SAB,conv2,5,2.530878475681675e-07,8.232698078813883e-09,1.2755102034134325e-05,0.9999872448979659,True
SAB,conv2,6,0.0,0.0,0.0,1.0,True
SAB,conv2,7,1.3056020407020696e-06,7.187026085375692e-08,4.0816325054038316e-05,0.999959183674946,True
SAB,conv2,8,0.0,0.0,0.0,1.0,True
SAB,conv2,9,0.0,0.0,0.0,1.0,True
SAB,conv2,10,0.0030900193378329277,0.0011325202649459243,0.014178571291267872,0.9858214287087321,False
SAB,conv2,11,1.0749384273367468e-05,1.168341213997337e-06,0.00016071429126895964,0.999839285708731,False
SAB,conv2,12,0.0,0.0,0.0,1.0,True
SAB,conv2,13,0.0,0.0,0.0,1.0,True
SAB,conv2,14,0.0,0.0,0.0,1.0,True
SAB,conv2,15,0.0,0.0,0.0,1.0,True
SAB,conv2,16,0.29849231243133545,1.1486555337905884,0.11177805811166763,0.8882219418883324,False
SAB,conv2,17,0.0,0.0,0.0,1.0,True
SAB,conv2,18,0.0,0.0,0.0,1.0,True
SAB,conv2,19,0.0,0.0,0.0,1.0,True
SAB,conv2,20,0.0,0.0,0.0,1.0,True
SAB,conv2,21,0.0,0.0,0.0,1.0,True
SAB,conv2,22,0.0,0.0,0.0,1.0,True
SAB,conv2,23,0.0,0.0,0.0,1.0,True
SAB,conv2,24,0.0,0.0,0.0,1.0,True
SAB,conv2,25,1.3262418178783264e-05,1.5197194898064481e-06,0.00023469387087970972,0.9997653061291203,False
SAB,conv2,26,2.4117605690321398e-08,2.28009708336252e-10,2.5510203158773948e-06,0.9999974489796841,True
SAB,conv2,27,2.6707033612183295e-05,2.6188274659944e-06,0.0005357142654247582,0.9994642857345752,False
SAB,conv2,28,0.0,0.0,0.0,1.0,True
SAB,conv2,29,3.332872893224703e-06,1.8757890529741417e-07,8.163265010807663e-05,0.9999183673498919,True
SAB,conv2,30,0.0,0.0,0.0,1.0,True
SAB,conv2,31,0.0,0.0,0.0,1.0,True
SAB,conv2,32,0.0,0.0,0.0,1.0,True
SAB,conv2,33,0.09996719658374786,0.3456127643585205,0.05034693703055382,0.9496530629694462,False
SAB,conv2,34,0.0,0.0,0.0,1.0,True
SAB,conv2,35,4.710422672360437e-06,4.776310902343539e-07,6.887755444040522e-05,0.9999311224455596,True
SAB,conv2,36,0.0,0.0,0.0,1.0,True
SAB,conv2,37,0.0,0.0,0.0,1.0,True
SAB,conv2,38,2.3617518309038132e-05,2.6746281491796253e-06,0.0003698979562614113,0.9996301020437386,False
SAB,conv2,39,0.0,0.0,0.0,1.0,True
SAB,conv2,40,0.0,0.0,0.0,1.0,True
SAB,conv2,41,0.0007355445413850248,0.00017782852228265256,0.005326530430465937,0.9946734695695341,False
SAB,conv2,42,0.0,0.0,0.0,1.0,True
SAB,conv2,43,2.699155174923362e-07,2.7399734037203416e-08,5.1020406317547895e-06,0.9999948979593682,True
SAB,conv2,44,0.0,0.0,0.0,1.0,True
SAB,conv2,45,8.680645260028541e-05,1.4466220818576403e-05,0.0009234693716280162,0.999076530628372,False
SAB,conv2,46,0.0,0.0,0.0,1.0,True
SAB,conv2,47,0.0,0.0,0.0,1.0,True
SAB,conv2,48,0.0,0.0,0.0,1.0,True
SAB,conv2,49,0.0005189982475712895,0.00013949102140031755,0.0038494898471981287,0.9961505101528019,False
SAB,conv2,50,1.5996550928321085e-07,1.0030848152098315e-08,2.5510203158773948e-06,0.9999974489796841,True
SAB,conv2,51,0.3770224153995514,1.1408321857452393,0.2150994837284088,0.7849005162715912,False
SAB,conv2,52,3.139080490655033e-06,3.0024182251509046e-07,4.336734855314717e-05,0.9999566326514469,True
SAB,conv2,53,0.0,0.0,0.0,1.0,True
SAB,conv2,54,0.0,0.0,0.0,1.0,True
SAB,conv2,55,0.0,0.0,0.0,1.0,True
SAB,conv2,56,1.5100578821147792e-05,2.0831716938118916e-06,0.00019642857660073787,0.9998035714233993,False
SAB,conv2,57,0.0,0.0,0.0,1.0,True
SAB,conv2,58,0.0,0.0,0.0,1.0,True
SAB,conv2,59,0.0,0.0,0.0,1.0,True
SAB,conv2,60,0.0,0.0,0.0,1.0,True
SAB,conv2,61,0.0,0.0,0.0,1.0,True
SAB,conv2,62,0.0,0.0,0.0,1.0,True
SAB,conv2,63,0.0,0.0,0.0,1.0,True
SAB,fc1,0,0.0,0.0,0.0,1.0,True
SAB,fc1,1,0.0002679455210454762,8.282734052045271e-05,0.0010000000474974513,0.9989999999525025,False
SAB,fc1,2,0.0,0.0,0.0,1.0,True
SAB,fc1,3,0.0,0.0,0.0,1.0,True
SAB,fc1,4,2.1382393836975098,12.045744895935059,0.4399999976158142,0.5600000023841858,False
SAB,fc1,5,0.21703195571899414,0.4700905680656433,0.15299999713897705,0.847000002861023,False
SAB,fc1,6,0.10288485884666443,0.22435975074768066,0.07249999791383743,0.9275000020861626,False
SAB,fc1,7,2.638803834997816e-06,1.3919607688706037e-08,0.0005000000237487257,0.9994999999762513,False
SAB,fc1,8,0.0,0.0,0.0,1.0,True
SAB,fc1,9,0.0,0.0,0.0,1.0,True
SAB,fc1,10,4.134111077291891e-05,3.4164659155067056e-06,0.0005000000237487257,0.9994999999762513,False
SAB,fc1,11,0.0,0.0,0.0,1.0,True
SAB,fc1,12,0.0,0.0,0.0,1.0,True
SAB,fc1,13,0.019014041870832443,0.008378320373594761,0.07000000029802322,0.9299999997019768,False
SAB,fc1,14,0.0,0.0,0.0,1.0,True
SAB,fc1,15,0.46263325214385986,0.9327537417411804,0.28450000286102295,0.715499997138977,False
SAB,fc1,16,1.5210617780685425,5.407919406890869,0.4675000011920929,0.5324999988079071,False
SAB,fc1,17,0.0,0.0,0.0,1.0,True
SAB,fc1,18,0.0,0.0,0.0,1.0,True
SAB,fc1,19,0.0,0.0,0.0,1.0,True
SAB,fc1,20,1.815433144569397,7.3381195068359375,0.5454999804496765,0.4545000195503235,False
SAB,fc1,21,0.00011625589104369283,2.7017351385438815e-05,0.0005000000237487257,0.9994999999762513,False
SAB,fc1,22,0.0,0.0,0.0,1.0,True
SAB,fc1,23,0.0,0.0,0.0,1.0,True
SAB,fc1,24,0.0028781879227608442,0.0007851255359128118,0.014999999664723873,0.9850000003352761,False
SAB,fc1,25,0.0,0.0,0.0,1.0,True
SAB,fc1,26,0.0,0.0,0.0,1.0,True
SAB,fc1,27,0.002105706138536334,0.002430056920275092,0.0035000001080334187,0.9964999998919666,False
SAB,fc1,28,0.0,0.0,0.0,1.0,True
SAB,fc1,29,0.0,0.0,0.0,1.0,True
SAB,fc1,30,0.001337270368821919,0.0016139120562002063,0.001500000013038516,0.9984999999869615,False
SAB,fc1,31,0.0,0.0,0.0,1.0,True
SAB,fc1,32,0.04168270155787468,0.07796573638916016,0.0364999994635582,0.9635000005364418,False
SAB,fc1,33,0.2545953094959259,0.3690417408943176,0.2529999911785126,0.7470000088214874,False
SAB,fc1,34,0.5871541500091553,0.5361397862434387,0.593500018119812,0.406499981880188,False
SAB,fc1,35,0.6318709850311279,2.549548625946045,0.2485000044107437,0.7514999955892563,False
SAB,fc1,36,0.0,0.0,0.0,1.0,True
SAB,fc1,37,0.0,0.0,0.0,1.0,True
SAB,fc1,38,0.6872642636299133,1.95236337184906,0.3564999997615814,0.6435000002384186,False
SAB,fc1,39,1.8863979578018188,13.78296184539795,0.32100000977516174,0.6789999902248383,False
SAB,fc1,40,3.05082631111145,6.17790412902832,0.9004999995231628,0.09950000047683716,False
SAB,fc1,41,0.0,0.0,0.0,1.0,True
SAB,fc1,42,0.1639654040336609,0.37740135192871094,0.10949999839067459,0.8905000016093254,False
SAB,fc1,43,1.1321343183517456,5.063155174255371,0.3215000033378601,0.6784999966621399,False
SAB,fc1,44,0.0,0.0,0.0,1.0,True
SAB,fc1,45,0.0,0.0,0.0,1.0,True
SAB,fc1,46,0.0,0.0,0.0,1.0,True
SAB,fc1,47,0.09536025673151016,0.12475854903459549,0.10599999874830246,0.8940000012516975,False
SAB,fc1,48,0.0053542726673185825,0.00261863274499774,0.017500000074505806,0.9824999999254942,False
SAB,fc1,49,0.0,0.0,0.0,1.0,True
SAB,fc1,50,0.0,0.0,0.0,1.0,True
SAB,fc1,51,0.00025136550539173186,2.0343048163340427e-05,0.004999999888241291,0.9950000001117587,False
SAB,fc1,52,0.244551420211792,0.5283510088920593,0.16850000619888306,0.8314999938011169,False
SAB,fc1,53,0.24237453937530518,1.1270307302474976,0.08349999785423279,0.9165000021457672,False
SAB,fc1,54,2.245859384536743,14.495715141296387,0.3504999876022339,0.6495000123977661,False
SAB,fc1,55,5.991891885059886e-05,7.176963208621601e-06,0.0005000000237487257,0.9994999999762513,False
SAB,fc1,56,0.0,0.0,0.0,1.0,True
SAB,fc1,57,0.0,0.0,0.0,1.0,True
SAB,fc1,58,0.0,0.0,0.0,1.0,True
SAB,fc1,59,0.0,0.0,0.0,1.0,True
SAB,fc1,60,1.064922571182251,4.423933029174805,0.3434999883174896,0.6565000116825104,False
SAB,fc1,61,0.0,0.0,0.0,1.0,True
SAB,fc1,62,4.626461505889893,17.841732025146484,0.8100000023841858,0.1899999976158142,False
SAB,fc1,63,0.0,0.0,0.0,1.0,True
SAB,fc1,64,0.0,0.0,0.0,1.0,True
SAB,fc1,65,0.0,0.0,0.0,1.0,True
SAB,fc1,66,0.0,0.0,0.0,1.0,True
SAB,fc1,67,1.3527573347091675,2.8410632610321045,0.609499990940094,0.390500009059906,False
SAB,fc1,68,0.0,0.0,0.0,1.0,True
SAB,fc1,69,0.0,0.0,0.0,1.0,True
SAB,fc1,70,0.24809344112873077,0.21166092157363892,0.36149999499320984,0.6385000050067902,False
SAB,fc1,71,0.015329359099268913,0.02292601577937603,0.01549999974668026,0.9845000002533197,False
SAB,fc1,72,0.00033920060377568007,7.768265641061589e-05,0.0020000000949949026,0.9979999999050051,False
SAB,fc1,73,0.0,0.0,0.0,1.0,True
SAB,fc1,74,0.0,0.0,0.0,1.0,True
SAB,fc1,75,0.0,0.0,0.0,1.0,True
SAB,fc1,76,0.005544822197407484,0.003747678827494383,0.014999999664723873,0.9850000003352761,False
SAB,fc1,77,0.0,0.0,0.0,1.0,True
SAB,fc1,78,3.085258722305298,13.95806884765625,0.6729999780654907,0.3270000219345093,False
SAB,fc1,79,0.22147156298160553,0.5159481763839722,0.14350000023841858,0.8564999997615814,False
SAB,fc1,80,0.0,0.0,0.0,1.0,True
SAB,fc1,81,0.00019102837541140616,7.294718670891598e-05,0.0005000000237487257,0.9994999999762513,False
SAB,fc1,82,0.0,0.0,0.0,1.0,True
SAB,fc1,83,0.0,0.0,0.0,1.0,True
SAB,fc1,84,0.2488553822040558,0.6776297092437744,0.15049999952316284,0.8495000004768372,False
SAB,fc1,85,0.0,0.0,0.0,1.0,True
SAB,fc1,86,0.13711398839950562,0.2283233404159546,0.13199999928474426,0.8680000007152557,False
SAB,fc1,87,0.24119524657726288,0.17132599651813507,0.4034999907016754,0.5965000092983246,False
SAB,fc1,88,0.0,0.0,0.0,1.0,True
SAB,fc1,89,0.39284124970436096,0.661764919757843,0.2939999997615814,0.7060000002384186,False
SAB,fc1,90,0.0,0.0,0.0,1.0,True
SAB,fc1,91,0.7237298488616943,1.6503227949142456,0.38199999928474426,0.6180000007152557,False
SAB,fc1,92,0.0,0.0,0.0,1.0,True
SAB,fc1,93,0.0003457723360043019,0.00012311560567468405,0.0010000000474974513,0.9989999999525025,False
SAB,fc1,94,0.1790647953748703,0.40785789489746094,0.1145000010728836,0.8854999989271164,False
SAB,fc1,95,0.0,0.0,0.0,1.0,True
SAB,fc1,96,0.11365978419780731,0.4016968011856079,0.05350000038743019,0.9464999996125698,False
SAB,fc1,97,2.0588796138763428,10.086469650268555,0.45350000262260437,0.5464999973773956,False
SAB,fc1,98,0.0,0.0,0.0,1.0,True
SAB,fc1,99,0.0,0.0,0.0,1.0,True
SAB,fc1,100,0.20177994668483734,0.2739509046077728,0.20499999821186066,0.7950000017881393,False
SAB,fc1,101,0.0,0.0,0.0,1.0,True
SAB,fc1,102,0.0,0.0,0.0,1.0,True
SAB,fc1,103,0.18632110953330994,0.24671144783496857,0.1899999976158142,0.8100000023841858,False
SAB,fc1,104,0.0,0.0,0.0,1.0,True
SAB,fc1,105,0.3681145906448364,0.49136635661125183,0.3395000100135803,0.6604999899864197,False
SAB,fc1,106,0.0,0.0,0.0,1.0,True
SAB,fc1,107,0.0,0.0,0.0,1.0,True
SAB,fc1,108,0.35823532938957214,0.4396407902240753,0.3894999921321869,0.6105000078678131,False
SAB,fc1,109,0.0,0.0,0.0,1.0,True
SAB,fc1,110,0.0,0.0,0.0,1.0,True
SAB,fc1,111,0.0,0.0,0.0,1.0,True
SAB,fc1,112,0.0,0.0,0.0,1.0,True
SAB,fc1,113,0.0,0.0,0.0,1.0,True
SAB,fc1,114,0.0,0.0,0.0,1.0,True
SAB,fc1,115,0.0,0.0,0.0,1.0,True
SAB,fc1,116,0.0,0.0,0.0,1.0,True
SAB,fc1,117,3.810021162033081,20.853389739990234,0.6165000200271606,0.38349997997283936,False
SAB,fc1,118,0.0,0.0,0.0,1.0,True
SAB,fc1,119,0.2922367453575134,1.669939637184143,0.08449999988079071,0.9155000001192093,False
SAB,fc1,120,0.5256896018981934,0.9036819934844971,0.38199999928474426,0.6180000007152557,False
SAB,fc1,121,0.0011110613122582436,0.0004014756123069674,0.0044999998062849045,0.9955000001937151,False
SAB,fc1,122,0.4208431839942932,1.3955916166305542,0.17000000178813934,0.8299999982118607,False
SAB,fc1,123,0.04811562970280647,0.01826315000653267,0.19550000131130219,0.8044999986886978,False
SAB,fc1,124,0.0,0.0,0.0,1.0,True
SAB,fc1,125,0.0,0.0,0.0,1.0,True
SAB,fc1,126,0.0,0.0,0.0,1.0,True
SAB,fc1,127,0.0,0.0,0.0,1.0,True
SBA,conv1,0,0.04349823668599129,0.03882245346903801,0.0732869878411293,0.9267130121588707,False
SBA,conv1,1,0.11898446828126907,0.008450603112578392,0.6426734924316406,0.3573265075683594,False
SBA,conv1,2,0.1585230529308319,0.016749996691942215,0.6704387664794922,0.3295612335205078,False
SBA,conv1,3,0.06198945641517639,0.05761402100324631,0.09307844191789627,0.9069215580821037,False
SBA,conv1,4,0.05705459415912628,0.0738188698887825,0.06387818604707718,0.9361218139529228,False
SBA,conv1,5,6.418413249775767e-05,1.072877330443589e-05,0.0007059948984533548,0.9992940051015466,False
SBA,conv1,6,0.15307331085205078,0.2732642889022827,0.17911288142204285,0.8208871185779572,False
SBA,conv1,7,0.05088948830962181,0.03549318388104439,0.15930484235286713,0.8406951576471329,False
SBA,conv1,8,0.0021557568106800318,0.0004129494773223996,0.01893877610564232,0.9810612238943577,False
SBA,conv1,9,0.20538315176963806,0.24120840430259705,0.29983991384506226,0.7001600861549377,False
SBA,conv1,10,0.03667514771223068,0.0010674686636775732,0.5597021579742432,0.44029784202575684,False
SBA,conv1,11,0.019462622702121735,0.0004639312974177301,0.6342206597328186,0.3657793402671814,False
SBA,conv1,12,0.19021955132484436,0.026215992867946625,0.6168858408927917,0.38311415910720825,False
SBA,conv1,13,0.12117043882608414,0.1874731183052063,0.16703954339027405,0.832960456609726,False
SBA,conv1,14,0.05034830421209335,0.0018968288786709309,0.577139675617218,0.422860324382782,False
SBA,conv1,15,0.10061611980199814,0.16951222717761993,0.11226339638233185,0.8877366036176682,False
SBA,conv1,16,0.4556431770324707,0.08658989518880844,0.7841894030570984,0.2158105969429016,False
SBA,conv1,17,0.10137239843606949,0.12286361306905746,0.1408667117357254,0.8591332882642746,False
SBA,conv1,18,0.06373877078294754,0.004787404090166092,0.6232391595840454,0.3767608404159546,False
SBA,conv1,19,0.0,0.0,0.0,1.0,True
SBA,conv1,20,0.05509749799966812,0.003778215032070875,0.7158316373825073,0.2841683626174927,False
SBA,conv1,21,0.00012387453170958906,2.3605896785738878e-05,0.0013118622591719031,0.9986881377408281,False
SBA,conv1,22,0.022796284407377243,0.016876814886927605,0.07461734861135483,0.9253826513886452,False
SBA,conv1,23,0.367641419172287,0.03796415776014328,0.8147398233413696,0.18526017665863037,False
SBA,conv1,24,0.15223777294158936,0.01574217714369297,0.6239872574806213,0.37601274251937866,False
SBA,conv1,25,0.02287951111793518,0.011453998275101185,0.08791262656450272,0.9120873734354973,False
SBA,conv1,26,0.011748573742806911,0.003325196448713541,0.6204853057861328,0.3795146942138672,False
SBA,conv1,27,0.005917706992477179,0.0019132040906697512,0.027609694749116898,0.9723903052508831,False
SBA,conv1,28,0.055446743965148926,0.0076945992186665535,0.6659005284309387,0.3340994715690613,False
SBA,conv1,29,0.15901967883110046,0.01189978513866663,0.7121658325195312,0.28783416748046875,False
SBA,conv1,30,0.09008977562189102,0.016329359263181686,0.6408456563949585,0.3591543436050415,False
SBA,conv1,31,2.6647212507668883e-05,1.5609551837769686e-06,0.000840561231598258,0.9991594387684017,False
SBA,conv2,0,0.0,0.0,0.0,1.0,True
SBA,conv2,1,0.0,0.0,0.0,1.0,True
SBA,conv2,2,0.0,0.0,0.0,1.0,True
SBA,conv2,3,0.0,0.0,0.0,1.0,True
SBA,conv2,4,0.0,0.0,0.0,1.0,True
SBA,conv2,5,0.0,0.0,0.0,1.0,True
SBA,conv2,6,0.00015258141502272338,1.7455875422456302e-05,0.00232908152975142,0.9976709184702486,False
SBA,conv2,7,0.0,0.0,0.0,1.0,True
SBA,conv2,8,0.0,0.0,0.0,1.0,True
SBA,conv2,9,0.0,0.0,0.0,1.0,True
SBA,conv2,10,9.23483275983017e-06,7.978285907483951e-07,0.00016326530021615326,0.9998367346997838,False
SBA,conv2,11,0.0,0.0,0.0,1.0,True
SBA,conv2,12,0.0,0.0,0.0,1.0,True
SBA,conv2,13,6.367107516780379e-07,2.6484389792358343e-08,1.7857142665889114e-05,0.9999821428573341,True
SBA,conv2,14,0.0,0.0,0.0,1.0,True
SBA,conv2,15,0.0,0.0,0.0,1.0,True
SBA,conv2,16,4.625256678991718e-06,4.332313778832031e-07,8.163265010807663e-05,0.9999183673498919,True
SBA,conv2,17,0.0,0.0,0.0,1.0,True
SBA,conv2,18,0.0,0.0,0.0,1.0,True
SBA,conv2,19,0.0,0.0,0.0,1.0,True
SBA,conv2,20,0.0,0.0,0.0,1.0,True
SBA,conv2,21,0.0,0.0,0.0,1.0,True
SBA,conv2,22,0.0,0.0,0.0,1.0,True
SBA,conv2,23,2.3758470746315652e-08,2.2126969700941856e-10,2.5510203158773948e-06,0.9999974489796841,True
SBA,conv2,24,0.0,0.0,0.0,1.0,True
SBA,conv2,25,0.009467730298638344,0.002499455353245139,0.061000000685453415,0.9389999993145466,False
SBA,conv2,26,0.0,0.0,0.0,1.0,True
SBA,conv2,27,0.0,0.0,0.0,1.0,True
SBA,conv2,28,0.0,0.0,0.0,1.0,True
SBA,conv2,29,0.0,0.0,0.0,1.0,True
SBA,conv2,30,0.0,0.0,0.0,1.0,True
SBA,conv2,31,6.905044358518353e-08,7.339087115809662e-10,7.653061402379535e-06,0.9999923469385976,True
SBA,conv2,32,0.0,0.0,0.0,1.0,True
SBA,conv2,33,0.7011903524398804,2.5305869579315186,0.28746429085731506,0.7125357091426849,False
SBA,conv2,34,1.6421056443505222e-06,2.0170206482816866e-07,2.2959184207138605e-05,0.9999770408157929,True
SBA,conv2,35,1.2774204094512243e-07,4.331806024993057e-09,5.1020406317547895e-06,0.9999948979593682,True
SBA,conv2,36,0.0,0.0,0.0,1.0,True
SBA,conv2,37,0.0,0.0,0.0,1.0,True
SBA,conv2,38,0.0,0.0,0.0,1.0,True
SBA,conv2,39,0.0,0.0,0.0,1.0,True
SBA,conv2,40,3.55785341525916e-05,1.0477060641278513e-05,0.00022959183843340725,0.9997704081615666,False
SBA,conv2,41,0.0,0.0,0.0,1.0,True
SBA,conv2,42,0.0,0.0,0.0,1.0,True
SBA,conv2,43,0.0,0.0,0.0,1.0,True
SBA,conv2,44,0.0,0.0,0.0,1.0,True
SBA,conv2,45,0.0,0.0,0.0,1.0,True
SBA,conv2,46,0.0,0.0,0.0,1.0,True
SBA,conv2,47,0.0,0.0,0.0,1.0,True
SBA,conv2,48,0.0,0.0,0.0,1.0,True
SBA,conv2,49,2.1191302948864177e-05,1.6415031041105976e-06,0.0004540816298685968,0.9995459183701314,False
SBA,conv2,50,0.0,0.0,0.0,1.0,True
SBA,conv2,51,4.769310635310831e-07,4.190851399243911e-08,1.0204081263509579e-05,0.9999897959187365,True
SBA,conv2,52,8.615198566985782e-06,7.11750374193798e-07,0.0002091836795443669,0.9997908163204556,False
SBA,conv2,53,0.0,0.0,0.0,1.0,True
SBA,conv2,54,0.0,0.0,0.0,1.0,True
SBA,conv2,55,0.0,0.0,0.0,1.0,True
SBA,conv2,56,0.0,0.0,0.0,1.0,True
SBA,conv2,57,0.0,0.0,0.0,1.0,True
SBA,conv2,58,0.0,0.0,0.0,1.0,True
SBA,conv2,59,0.0,0.0,0.0,1.0,True
SBA,conv2,60,0.0,0.0,0.0,1.0,True
SBA,conv2,61,0.0,0.0,0.0,1.0,True
SBA,conv2,62,0.0,0.0,0.0,1.0,True
SBA,conv2,63,0.0,0.0,0.0,1.0,True
SBA,fc1,0,0.2951548993587494,0.5423539876937866,0.22599999606609344,0.7740000039339066,False
SBA,fc1,1,0.0,0.0,0.0,1.0,True
SBA,fc1,2,0.4138840138912201,1.1066551208496094,0.23649999499320984,0.7635000050067902,False
SBA,fc1,3,2.309234380722046,12.286775588989258,0.4860000014305115,0.5139999985694885,False
SBA,fc1,4,1.0752203464508057,5.188014984130859,0.3034999966621399,0.6965000033378601,False
SBA,fc1,5,0.0,0.0,0.0,1.0,True
SBA,fc1,6,0.0,0.0,0.0,1.0,True
SBA,fc1,7,0.0,0.0,0.0,1.0,True
SBA,fc1,8,0.0,0.0,0.0,1.0,True
SBA,fc1,9,0.0,0.0,0.0,1.0,True
SBA,fc1,10,0.2619950771331787,0.6568135619163513,0.1574999988079071,0.8425000011920929,False
SBA,fc1,11,0.0,0.0,0.0,1.0,True
SBA,fc1,12,0.028552383184432983,0.006952100899070501,0.17499999701976776,0.8250000029802322,False
SBA,fc1,13,0.0,0.0,0.0,1.0,True
SBA,fc1,14,0.0,0.0,0.0,1.0,True
SBA,fc1,15,0.0,0.0,0.0,1.0,True
SBA,fc1,16,0.0,0.0,0.0,1.0,True
SBA,fc1,17,0.0,0.0,0.0,1.0,True
SBA,fc1,18,0.17128239572048187,0.558159351348877,0.08699999749660492,0.9130000025033951,False
SBA,fc1,19,0.0005542807630263269,0.0001184023785754107,0.004000000189989805,0.9959999998100102,False
SBA,fc1,20,0.0,0.0,0.0,1.0,True
SBA,fc1,21,0.6664660573005676,2.6910860538482666,0.20900000631809235,0.7909999936819077,False
SBA,fc1,22,0.8297812938690186,2.043342351913452,0.4034999907016754,0.5965000092983246,False
SBA,fc1,23,0.0,0.0,0.0,1.0,True
SBA,fc1,24,0.5204208493232727,1.2019217014312744,0.2849999964237213,0.7150000035762787,False
SBA,fc1,25,0.0,0.0,0.0,1.0,True
SBA,fc1,26,0.8032065629959106,3.9170870780944824,0.28200000524520874,0.7179999947547913,False
SBA,fc1,27,0.0,0.0,0.0,1.0,True
SBA,fc1,28,0.0004915297031402588,0.00022087102115619928,0.0020000000949949026,0.9979999999050051,False
SBA,fc1,29,0.0005223684711381793,0.0002830310259014368,0.0010000000474974513,0.9989999999525025,False
SBA,fc1,30,1.3951406478881836,4.943419933319092,0.38850000500679016,0.6114999949932098,False
SBA,fc1,31,0.0,0.0,0.0,1.0,True
SBA,fc1,32,0.0,0.0,0.0,1.0,True
SBA,fc1,33,0.0,0.0,0.0,1.0,True
SBA,fc1,34,0.0,0.0,0.0,1.0,True
SBA,fc1,35,0.0,0.0,0.0,1.0,True
SBA,fc1,36,0.31788694858551025,0.6248835325241089,0.1899999976158142,0.8100000023841858,False
SBA,fc1,37,0.0,0.0,0.0,1.0,True
SBA,fc1,38,0.0,0.0,0.0,1.0,True
SBA,fc1,39,0.0,0.0,0.0,1.0,True
SBA,fc1,40,0.0,0.0,0.0,1.0,True
SBA,fc1,41,0.1030142605304718,0.21526922285556793,0.08950000256299973,0.9104999974370003,False
SBA,fc1,42,0.0,0.0,0.0,1.0,True
SBA,fc1,43,0.0,0.0,0.0,1.0,True
SBA,fc1,44,0.0,0.0,0.0,1.0,True
SBA,fc1,45,1.0798954963684082,11.632333755493164,0.13950000703334808,0.8604999929666519,False
SBA,fc1,46,0.0,0.0,0.0,1.0,True
SBA,fc1,47,0.0,0.0,0.0,1.0,True
SBA,fc1,48,0.0,0.0,0.0,1.0,True
SBA,fc1,49,0.0,0.0,0.0,1.0,True
SBA,fc1,50,0.0,0.0,0.0,1.0,True
SBA,fc1,51,5.523875734070316e-05,2.823778913807473e-06,0.001500000013038516,0.9984999999869615,False
SBA,fc1,52,0.0,0.0,0.0,1.0,True
SBA,fc1,53,0.0,0.0,0.0,1.0,True
SBA,fc1,54,0.0,0.0,0.0,1.0,True
SBA,fc1,55,0.0,0.0,0.0,1.0,True
SBA,fc1,56,0.6003957986831665,0.7258070707321167,0.6110000014305115,0.3889999985694885,False
SBA,fc1,57,0.0,0.0,0.0,1.0,True
SBA,fc1,58,0.0,0.0,0.0,1.0,True
SBA,fc1,59,0.0,0.0,0.0,1.0,True
SBA,fc1,60,0.0,0.0,0.0,1.0,True
SBA,fc1,61,0.6597445607185364,2.219756841659546,0.2874999940395355,0.7125000059604645,False
SBA,fc1,62,0.0,0.0,0.0,1.0,True
SBA,fc1,63,0.279432475566864,0.9426050186157227,0.1264999955892563,0.8735000044107437,False
SBA,fc1,64,0.0,0.0,0.0,1.0,True
SBA,fc1,65,0.0,0.0,0.0,1.0,True
SBA,fc1,66,0.0,0.0,0.0,1.0,True
SBA,fc1,67,0.0,0.0,0.0,1.0,True
SBA,fc1,68,0.0,0.0,0.0,1.0,True
SBA,fc1,69,0.0,0.0,0.0,1.0,True
SBA,fc1,70,1.2998442649841309,5.2830810546875,0.37599998712539673,0.6240000128746033,False
SBA,fc1,71,0.00037955670268274844,1.9489827536744997e-05,0.014000000432133675,0.9859999995678663,False
SBA,fc1,72,0.0,0.0,0.0,1.0,True
SBA,fc1,73,0.5289425253868103,2.088016986846924,0.17749999463558197,0.822500005364418,False
SBA,fc1,74,0.0,0.0,0.0,1.0,True
SBA,fc1,75,0.0015389857580885291,0.00039773897151462734,0.010999999940395355,0.9890000000596046,False
SBA,fc1,76,0.0,0.0,0.0,1.0,True
SBA,fc1,77,0.0,0.0,0.0,1.0,True
SBA,fc1,78,0.0,0.0,0.0,1.0,True
SBA,fc1,79,0.0,0.0,0.0,1.0,True
SBA,fc1,80,0.0,0.0,0.0,1.0,True
SBA,fc1,81,1.165466547012329,5.818619728088379,0.2815000116825104,0.7184999883174896,False
SBA,fc1,82,0.0,0.0,0.0,1.0,True
SBA,fc1,83,0.0,0.0,0.0,1.0,True
SBA,fc1,84,0.0,0.0,0.0,1.0,True
SBA,fc1,85,0.0,0.0,0.0,1.0,True
SBA,fc1,86,0.0,0.0,0.0,1.0,True
SBA,fc1,87,0.0,0.0,0.0,1.0,True
SBA,fc1,88,0.0,0.0,0.0,1.0,True
SBA,fc1,89,0.0,0.0,0.0,1.0,True
SBA,fc1,90,0.0,0.0,0.0,1.0,True
SBA,fc1,91,0.0,0.0,0.0,1.0,True
SBA,fc1,92,1.9192521572113037,17.368730545043945,0.26899999380111694,0.7310000061988831,False
SBA,fc1,93,0.0,0.0,0.0,1.0,True
SBA,fc1,94,0.0,0.0,0.0,1.0,True
SBA,fc1,95,0.0,0.0,0.0,1.0,True
SBA,fc1,96,2.3772811889648438,10.626824378967285,0.5385000109672546,0.46149998903274536,False
SBA,fc1,97,0.0,0.0,0.0,1.0,True
SBA,fc1,98,1.1310229301452637,4.048325538635254,0.34200000762939453,0.6579999923706055,False
SBA,fc1,99,0.0,0.0,0.0,1.0,True
SBA,fc1,100,0.0,0.0,0.0,1.0,True
SBA,fc1,101,0.0,0.0,0.0,1.0,True
SBA,fc1,102,0.0,0.0,0.0,1.0,True
SBA,fc1,103,0.0,0.0,0.0,1.0,True
SBA,fc1,104,1.0124222040176392,4.776457786560059,0.28850001096725464,0.7114999890327454,False
SBA,fc1,105,0.0,0.0,0.0,1.0,True
SBA,fc1,106,0.0,0.0,0.0,1.0,True
SBA,fc1,107,2.768606424331665,20.719873428344727,0.4050000011920929,0.5949999988079071,False
SBA,fc1,108,0.0,0.0,0.0,1.0,True
SBA,fc1,109,0.08459041267633438,0.11178288608789444,0.0885000005364418,0.9114999994635582,False
SBA,fc1,110,0.0,0.0,0.0,1.0,True
SBA,fc1,111,0.0001407844538334757,7.547974291810533e-06,0.004000000189989805,0.9959999998100102,False
SBA,fc1,112,0.0,0.0,0.0,1.0,True
SBA,fc1,113,0.0,0.0,0.0,1.0,True
SBA,fc1,114,0.0,0.0,0.0,1.0,True
SBA,fc1,115,0.0,0.0,0.0,1.0,True
SBA,fc1,116,0.0,0.0,0.0,1.0,True
SBA,fc1,117,0.22964370250701904,1.0455259084701538,0.06700000166893005,0.93299999833107,False
SBA,fc1,118,0.0,0.0,0.0,1.0,True
SBA,fc1,119,1.2361249923706055,9.738755226135254,0.2434999942779541,0.7565000057220459,False
SBA,fc1,120,0.0,0.0,0.0,1.0,True
SBA,fc1,121,0.0,0.0,0.0,1.0,True
SBA,fc1,122,0.0017171879298985004,0.0009144486975856125,0.004000000189989805,0.9959999998100102,False
SBA,fc1,123,1.4398517608642578,7.298398494720459,0.39100000262260437,0.6089999973773956,False
SBA,fc1,124,0.6686238646507263,2.436079978942871,0.24500000476837158,0.7549999952316284,False
SBA,fc1,125,0.0,0.0,0.0,1.0,True
SBA,fc1,126,0.0,0.0,0.0,1.0,True
SBA,fc1,127,0.7728174328804016,3.488544225692749,0.27549999952316284,0.7245000004768372,False
