seed,start_step,end_step,signed_h_repr_change_end_minus_start
101,10000,25000,-0.004004655675207802
202,10000,25000,0.009709245777889897
303,10000,25000,0.02577473314347356
404,10000,25000,-0.0022935855310286524
505,10000,25000,0.016871671879725603
101,10000,50000,0.06568381851803196
202,10000,50000,0.05685542457799009
303,10000,50000,-0.012314610159266937
404,10000,50000,0.050886501729621725
505,10000,50000,0.023560098812236308
101,25000,50000,0.06968847419323976
202,25000,50000,0.04714617880010019
303,25000,50000,-0.0380893433027405
404,25000,50000,0.05318008726065038
505,25000,50000,0.006688426932510705
