seed,scenario,feature_layer,checkpoint_selector,checkpoint_step,probe_epoch,train_loss,train_accuracy,test_accuracy_full,test_accuracy_A,test_accuracy_B
101,SABC,fc1,final,10000,1,0.1864514946937561,0.9678000211715698,0.9470000267028809,0.9670000076293945,0.9269999861717224
101,SABC,fc1,final,10000,2,0.11756699532270432,0.9793999791145325,0.9585000276565552,0.9739999771118164,0.9430000185966492
101,SABC,fc1,final,10000,3,0.09242651611566544,0.9832000136375427,0.9639999866485596,0.9750000238418579,0.953000009059906
101,SABC,fc1,final,10000,4,0.07856347411870956,0.98580002784729,0.9679999947547913,0.9789999723434448,0.9570000171661377
101,SABC,fc1,final,10000,5,0.06952617317438126,0.9872000217437744,0.9695000052452087,0.9789999723434448,0.9599999785423279
101,SABC,fc1,final,10000,6,0.06292369961738586,0.9876000285148621,0.9700000286102295,0.9779999852180481,0.9620000123977661
101,SABC,fc1,final,10000,7,0.05793548747897148,0.9878000020980835,0.9704999923706055,0.9779999852180481,0.9629999995231628
101,SABC,fc1,final,10000,8,0.053780823945999146,0.9882000088691711,0.9710000157356262,0.9779999852180481,0.9639999866485596
101,SABC,fc1,final,10000,9,0.050383128225803375,0.9886000156402588,0.9729999899864197,0.9810000061988831,0.9649999737739563
101,SABC,fc1,final,10000,10,0.04744046553969383,0.9891999959945679,0.9745000004768372,0.9819999933242798,0.9670000076293945
101,SABC,fc1,final,10000,11,0.044986993074417114,0.9900000095367432,0.9745000004768372,0.9819999933242798,0.9670000076293945
101,SABC,fc1,final,10000,12,0.04283301532268524,0.9905999898910522,0.9760000109672546,0.9829999804496765,0.968999981880188
101,SABC,fc1,final,10000,13,0.0408933088183403,0.9908000230789185,0.9760000109672546,0.9829999804496765,0.968999981880188
101,SABC,fc1,final,10000,14,0.03920530527830124,0.9909999966621399,0.9764999747276306,0.9829999804496765,0.9700000286102295
101,SABC,fc1,final,10000,15,0.0376841276884079,0.991599977016449,0.9769999980926514,0.984000027179718,0.9700000286102295
101,SABC,fc1,final,10000,16,0.03630860149860382,0.9919999837875366,0.9769999980926514,0.984000027179718,0.9700000286102295
101,SABC,fc1,final,10000,17,0.03504801169037819,0.9926000237464905,0.9779999852180481,0.9850000143051147,0.9710000157356262
101,SABC,fc1,final,10000,18,0.03390005603432655,0.9932000041007996,0.9779999852180481,0.9850000143051147,0.9710000157356262
101,SABC,fc1,final,10000,19,0.03283656761050224,0.9932000041007996,0.9785000085830688,0.9850000143051147,0.972000002861023
101,SABC,fc1,final,10000,20,0.03183959797024727,0.9932000041007996,0.9785000085830688,0.9850000143051147,0.972000002861023
101,SBAC,fc1,final,10000,1,0.1716659814119339,0.974399983882904,0.953499972820282,0.9639999866485596,0.9430000185966492
101,SBAC,fc1,final,10000,2,0.10778592526912689,0.9833999872207642,0.9620000123977661,0.972000002861023,0.9520000219345093
101,SBAC,fc1,final,10000,3,0.08511026948690414,0.9847999811172485,0.9664999842643738,0.9769999980926514,0.9559999704360962
101,SBAC,fc1,final,10000,4,0.07273627817630768,0.9865999817848206,0.9674999713897705,0.9779999852180481,0.9570000171661377
101,SBAC,fc1,final,10000,5,0.06459252536296844,0.9876000285148621,0.968500018119812,0.9789999723434448,0.9580000042915344
101,SBAC,fc1,final,10000,6,0.058726683259010315,0.9887999892234802,0.9714999794960022,0.9829999804496765,0.9599999785423279
101,SBAC,fc1,final,10000,7,0.05423770099878311,0.9891999959945679,0.9710000157356262,0.9810000061988831,0.9610000252723694
101,SBAC,fc1,final,10000,8,0.05027716979384422,0.989799976348877,0.9739999771118164,0.984000027179718,0.9639999866485596
101,SBAC,fc1,final,10000,9,0.047292109578847885,0.9908000230789185,0.9745000004768372,0.9850000143051147,0.9639999866485596
101,SBAC,fc1,final,10000,10,0.04479548707604408,0.9911999702453613,0.9750000238418579,0.9850000143051147,0.9649999737739563
101,SBAC,fc1,final,10000,11,0.04263773560523987,0.991599977016449,0.9750000238418579,0.9850000143051147,0.9649999737739563
101,SBAC,fc1,final,10000,12,0.04078797623515129,0.9919999837875366,0.9754999876022339,0.9850000143051147,0.9660000205039978
101,SBAC,fc1,final,10000,13,0.039080433547496796,0.9923999905586243,0.9760000109672546,0.9850000143051147,0.9670000076293945
101,SBAC,fc1,final,10000,14,0.037531618028879166,0.9923999905586243,0.9754999876022339,0.9850000143051147,0.9660000205039978
101,SBAC,fc1,final,10000,15,0.036160729825496674,0.9927999973297119,0.9760000109672546,0.9850000143051147,0.9670000076293945
101,SBAC,fc1,final,10000,16,0.03491871803998947,0.9929999709129333,0.9764999747276306,0.9860000014305115,0.9670000076293945
101,SBAC,fc1,final,10000,17,0.03380013257265091,0.9932000041007996,0.9764999747276306,0.9860000014305115,0.9670000076293945
101,SBAC,fc1,final,10000,18,0.03275509551167488,0.9936000108718872,0.9764999747276306,0.9860000014305115,0.9670000076293945
101,SBAC,fc1,final,10000,19,0.03180153667926788,0.9936000108718872,0.9764999747276306,0.9860000014305115,0.9670000076293945
101,SBAC,fc1,final,10000,20,0.031076248735189438,0.9940000176429749,0.9764999747276306,0.9860000014305115,0.9670000076293945
1010,SABC,fc1,final,10000,1,0.20622773468494415,0.9652000069618225,0.9424999952316284,0.9459999799728394,0.9390000104904175
1010,SABC,fc1,final,10000,2,0.12625521421432495,0.978600025177002,0.9629999995231628,0.972000002861023,0.9539999961853027
1010,SABC,fc1,final,10000,3,0.09817395359277725,0.9825999736785889,0.9645000100135803,0.9710000157356262,0.9580000042915344
1010,SABC,fc1,final,10000,4,0.0814136192202568,0.9869999885559082,0.9670000076293945,0.972000002861023,0.9620000123977661
1010,SABC,fc1,final,10000,5,0.07367250323295593,0.9883999824523926,0.968999981880188,0.9729999899864197,0.9649999737739563
1010,SABC,fc1,final,10000,6,0.06421320140361786,0.9896000027656555,0.9710000157356262,0.9760000109672546,0.9660000205039978
1010,SABC,fc1,final,10000,7,0.05852821096777916,0.9901999831199646,0.9714999794960022,0.9769999980926514,0.9660000205039978
1010,SABC,fc1,final,10000,8,0.054221831262111664,0.9914000034332275,0.972000002861023,0.9779999852180481,0.9660000205039978
1010,SABC,fc1,final,10000,9,0.05077219381928444,0.9918000102043152,0.972000002861023,0.9779999852180481,0.9660000205039978
1010,SABC,fc1,final,10000,10,0.047882966697216034,0.9923999905586243,0.972000002861023,0.9789999723434448,0.9649999737739563
1010,SABC,fc1,final,10000,11,0.04537023603916168,0.9926000237464905,0.9725000262260437,0.9800000190734863,0.9649999737739563
1010,SABC,fc1,final,10000,12,0.04323093220591545,0.9927999973297119,0.9729999899864197,0.9800000190734863,0.9660000205039978
1010,SABC,fc1,final,10000,13,0.04136526212096214,0.9927999973297119,0.9735000133514404,0.9800000190734863,0.9670000076293945
1010,SABC,fc1,final,10000,14,0.039717692881822586,0.9927999973297119,0.9735000133514404,0.9800000190734863,0.9670000076293945
1010,SABC,fc1,final,10000,15,0.0382346585392952,0.9932000041007996,0.9735000133514404,0.9800000190734863,0.9670000076293945
1010,SABC,fc1,final,10000,16,0.036887358874082565,0.9941999912261963,0.9735000133514404,0.9800000190734863,0.9670000076293945
1010,SABC,fc1,final,10000,17,0.035674504935741425,0.9944000244140625,0.9735000133514404,0.9800000190734863,0.9670000076293945
1010,SABC,fc1,final,10000,18,0.034527458250522614,0.9945999979972839,0.9739999771118164,0.9810000061988831,0.9670000076293945
1010,SABC,fc1,final,10000,19,0.03350330516695976,0.9947999715805054,0.9739999771118164,0.9810000061988831,0.9670000076293945
1010,SABC,fc1,final,10000,20,0.032577406615018845,0.9950000047683716,0.9739999771118164,0.9810000061988831,0.9670000076293945
1010,SBAC,fc1,final,10000,1,0.21216042339801788,0.9639999866485596,0.9355000257492065,0.9449999928474426,0.9259999990463257
1010,SBAC,fc1,final,10000,2,0.1320173144340515,0.9764000177383423,0.949999988079071,0.9580000042915344,0.9419999718666077
1010,SBAC,fc1,final,10000,3,0.10371816158294678,0.9801999926567078,0.9520000219345093,0.9580000042915344,0.9459999799728394
1010,SBAC,fc1,final,10000,4,0.08755983412265778,0.9833999872207642,0.9564999938011169,0.9629999995231628,0.949999988079071
1010,SBAC,fc1,final,10000,5,0.07813762873411179,0.9842000007629395,0.9574999809265137,0.9639999866485596,0.9509999752044678
1010,SBAC,fc1,final,10000,6,0.07053500413894653,0.9850000143051147,0.9605000019073486,0.9660000205039978,0.9549999833106995
1010,SBAC,fc1,final,10000,7,0.06511788070201874,0.9860000014305115,0.9614999890327454,0.9679999947547913,0.9549999833106995
1010,SBAC,fc1,final,10000,8,0.06089290603995323,0.9868000149726868,0.9614999890327454,0.9679999947547913,0.9549999833106995
1010,SBAC,fc1,final,10000,9,0.05745046213269234,0.9879999756813049,0.9629999995231628,0.9679999947547913,0.9580000042915344
1010,SBAC,fc1,final,10000,10,0.0545600950717926,0.9882000088691711,0.9639999866485596,0.968999981880188,0.9589999914169312
1010,SBAC,fc1,final,10000,11,0.051986683160066605,0.9886000156402588,0.9635000228881836,0.9679999947547913,0.9589999914169312
1010,SBAC,fc1,final,10000,12,0.04980837181210518,0.989799976348877,0.9639999866485596,0.9679999947547913,0.9599999785423279
1010,SBAC,fc1,final,10000,13,0.047885991632938385,0.9901999831199646,0.9649999737739563,0.9679999947547913,0.9620000123977661
1010,SBAC,fc1,final,10000,14,0.04616861417889595,0.9905999898910522,0.9660000205039978,0.968999981880188,0.9629999995231628
1010,SBAC,fc1,final,10000,15,0.04463333636522293,0.9911999702453613,0.9660000205039978,0.968999981880188,0.9629999995231628
1010,SBAC,fc1,final,10000,16,0.04322988539934158,0.9909999966621399,0.9674999713897705,0.9710000157356262,0.9639999866485596
1010,SBAC,fc1,final,10000,17,0.04204368591308594,0.9918000102043152,0.9670000076293945,0.9700000286102295,0.9639999866485596
1010,SBAC,fc1,final,10000,18,0.04077017307281494,0.9919999837875366,0.9679999947547913,0.972000002861023,0.9639999866485596
1010,SBAC,fc1,final,10000,19,0.03968751057982445,0.9918000102043152,0.9679999947547913,0.972000002861023,0.9639999866485596
1010,SBAC,fc1,final,10000,20,0.039083823561668396,0.9919999837875366,0.9695000052452087,0.9739999771118164,0.9649999737739563
1111,SABC,fc1,final,10000,1,0.15660414099693298,0.9739999771118164,0.9505000114440918,0.9549999833106995,0.9459999799728394
1111,SABC,fc1,final,10000,2,0.10241888463497162,0.9800000190734863,0.9580000042915344,0.9649999737739563,0.9509999752044678
1111,SABC,fc1,final,10000,3,0.08114814758300781,0.9832000136375427,0.9610000252723694,0.9679999947547913,0.9539999961853027
1111,SABC,fc1,final,10000,4,0.06925370544195175,0.9854000210762024,0.9635000228881836,0.9700000286102295,0.9570000171661377
1111,SABC,fc1,final,10000,5,0.061742253601551056,0.9865999817848206,0.9660000205039978,0.9710000157356262,0.9610000252723694
1111,SABC,fc1,final,10000,6,0.055373664945364,0.9878000020980835,0.9679999947547913,0.9729999899864197,0.9629999995231628
1111,SABC,fc1,final,10000,7,0.050738073885440826,0.9891999959945679,0.9674999713897705,0.9729999899864197,0.9620000123977661
1111,SABC,fc1,final,10000,8,0.047071605920791626,0.9905999898910522,0.968500018119812,0.9739999771118164,0.9629999995231628
1111,SABC,fc1,final,10000,9,0.0440799817442894,0.9908000230789185,0.9700000286102295,0.9750000238418579,0.9649999737739563
1111,SABC,fc1,final,10000,10,0.04154801368713379,0.9914000034332275,0.9710000157356262,0.9750000238418579,0.9670000076293945
1111,SABC,fc1,final,10000,11,0.03934343531727791,0.991599977016449,0.972000002861023,0.9769999980926514,0.9670000076293945
1111,SABC,fc1,final,10000,12,0.03745189309120178,0.9918000102043152,0.9729999899864197,0.9779999852180481,0.9679999947547913
1111,SABC,fc1,final,10000,13,0.0357801727950573,0.9927999973297119,0.9735000133514404,0.9789999723434448,0.9679999947547913
1111,SABC,fc1,final,10000,14,0.034285806119441986,0.9936000108718872,0.9735000133514404,0.9789999723434448,0.9679999947547913
1111,SABC,fc1,final,10000,15,0.03295190632343292,0.9936000108718872,0.9735000133514404,0.9789999723434448,0.9679999947547913
1111,SABC,fc1,final,10000,16,0.031745873391628265,0.9940000176429749,0.9735000133514404,0.9789999723434448,0.9679999947547913
1111,SABC,fc1,final,10000,17,0.03064294345676899,0.9944000244140625,0.9735000133514404,0.9789999723434448,0.9679999947547913
1111,SABC,fc1,final,10000,18,0.029636843129992485,0.9950000047683716,0.9735000133514404,0.9789999723434448,0.9679999947547913
1111,SABC,fc1,final,10000,19,0.0287032350897789,0.995199978351593,0.9735000133514404,0.9789999723434448,0.9679999947547913
1111,SABC,fc1,final,10000,20,0.027852261438965797,0.9954000115394592,0.9725000262260437,0.9779999852180481,0.9670000076293945
1111,SBAC,fc1,final,10000,1,0.23325368762016296,0.9617999792098999,0.9390000104904175,0.949999988079071,0.9279999732971191
1111,SBAC,fc1,final,10000,2,0.14479750394821167,0.9750000238418579,0.9539999961853027,0.9660000205039978,0.9419999718666077
1111,SBAC,fc1,final,10000,3,0.11341655254364014,0.9793999791145325,0.9585000276565552,0.9710000157356262,0.9459999799728394
1111,SBAC,fc1,final,10000,4,0.09639054536819458,0.9811999797821045,0.9614999890327454,0.9729999899864197,0.949999988079071
1111,SBAC,fc1,final,10000,5,0.08547201752662659,0.9828000068664551,0.9624999761581421,0.9729999899864197,0.9520000219345093
1111,SBAC,fc1,final,10000,6,0.0776226595044136,0.9843999743461609,0.9639999866485596,0.9729999899864197,0.9549999833106995
1111,SBAC,fc1,final,10000,7,0.07166103273630142,0.9846000075340271,0.9649999737739563,0.9739999771118164,0.9559999704360962
1111,SBAC,fc1,final,10000,8,0.06694313883781433,0.9851999878883362,0.965499997138977,0.9750000238418579,0.9559999704360962
1111,SBAC,fc1,final,10000,9,0.06310569494962692,0.9855999946594238,0.9664999842643738,0.9760000109672546,0.9570000171661377
1111,SBAC,fc1,final,10000,10,0.05993896350264549,0.9864000082015991,0.9670000076293945,0.9769999980926514,0.9570000171661377
1111,SBAC,fc1,final,10000,11,0.05717766284942627,0.9868000149726868,0.9674999713897705,0.9769999980926514,0.9580000042915344
1111,SBAC,fc1,final,10000,12,0.05479082092642784,0.9876000285148621,0.968500018119812,0.9769999980926514,0.9599999785423279
1111,SBAC,fc1,final,10000,13,0.05266774818301201,0.9882000088691711,0.968500018119812,0.9769999980926514,0.9599999785423279
1111,SBAC,fc1,final,10000,14,0.050788797438144684,0.9886000156402588,0.9695000052452087,0.9789999723434448,0.9599999785423279
1111,SBAC,fc1,final,10000,15,0.04910019040107727,0.9887999892234802,0.9695000052452087,0.9789999723434448,0.9599999785423279
1111,SBAC,fc1,final,10000,16,0.04755805805325508,0.9894000291824341,0.9700000286102295,0.9789999723434448,0.9610000252723694
1111,SBAC,fc1,final,10000,17,0.04614659398794174,0.9891999959945679,0.9710000157356262,0.9800000190734863,0.9620000123977661
1111,SBAC,fc1,final,10000,18,0.04486481845378876,0.9894000291824341,0.9710000157356262,0.9800000190734863,0.9620000123977661
1111,SBAC,fc1,final,10000,19,0.04369184374809265,0.9894000291824341,0.9710000157356262,0.9800000190734863,0.9620000123977661
1111,SBAC,fc1,final,10000,20,0.0426192544400692,0.9896000027656555,0.9714999794960022,0.9800000190734863,0.9629999995231628
1212,SABC,fc1,final,10000,1,0.15449556708335876,0.9796000123023987,0.9635000228881836,0.9670000076293945,0.9599999785423279
1212,SABC,fc1,final,10000,2,0.09861335158348083,0.9869999885559082,0.9695000052452087,0.972000002861023,0.9670000076293945
1212,SABC,fc1,final,10000,3,0.07787556946277618,0.9887999892234802,0.968999981880188,0.972000002861023,0.9660000205039978
1212,SABC,fc1,final,10000,4,0.06653667241334915,0.9901999831199646,0.9700000286102295,0.9739999771118164,0.9660000205039978
1212,SABC,fc1,final,10000,5,0.059695832431316376,0.9908000230789185,0.9695000052452087,0.9729999899864197,0.9660000205039978
1212,SABC,fc1,final,10000,6,0.05399453639984131,0.9909999966621399,0.9710000157356262,0.9739999771118164,0.9679999947547913
1212,SABC,fc1,final,10000,7,0.049736183136701584,0.9911999702453613,0.972000002861023,0.9769999980926514,0.9670000076293945
1212,SABC,fc1,final,10000,8,0.04645712673664093,0.9914000034332275,0.9725000262260437,0.9769999980926514,0.9679999947547913
1212,SABC,fc1,final,10000,9,0.043795421719551086,0.9914000034332275,0.9725000262260437,0.9769999980926514,0.9679999947547913
1212,SABC,fc1,final,10000,10,0.041554007679224014,0.9919999837875366,0.972000002861023,0.9760000109672546,0.9679999947547913
1212,SABC,fc1,final,10000,11,0.0396135114133358,0.9919999837875366,0.9725000262260437,0.9750000238418579,0.9700000286102295
1212,SABC,fc1,final,10000,12,0.03794044256210327,0.9926000237464905,0.9729999899864197,0.9760000109672546,0.9700000286102295
1212,SABC,fc1,final,10000,13,0.03646267578005791,0.9932000041007996,0.9735000133514404,0.9769999980926514,0.9700000286102295
1212,SABC,fc1,final,10000,14,0.035142283886671066,0.9932000041007996,0.9735000133514404,0.9769999980926514,0.9700000286102295
1212,SABC,fc1,final,10000,15,0.03395722061395645,0.993399977684021,0.9745000004768372,0.9769999980926514,0.972000002861023
1212,SABC,fc1,final,10000,16,0.032877467572689056,0.9936000108718872,0.9750000238418579,0.9769999980926514,0.9729999899864197
1212,SABC,fc1,final,10000,17,0.031886134296655655,0.9940000176429749,0.9745000004768372,0.9769999980926514,0.972000002861023
1212,SABC,fc1,final,10000,18,0.03097364865243435,0.9937999844551086,0.9750000238418579,0.9769999980926514,0.9729999899864197
1212,SABC,fc1,final,10000,19,0.030141137540340424,0.9940000176429749,0.9745000004768372,0.9769999980926514,0.972000002861023
1212,SABC,fc1,final,10000,20,0.02931722067296505,0.9940000176429749,0.9750000238418579,0.9769999980926514,0.9729999899864197
1212,SBAC,fc1,final,10000,1,0.20565710961818695,0.9629999995231628,0.9279999732971191,0.9449999928474426,0.9110000133514404
1212,SBAC,fc1,final,10000,2,0.12670980393886566,0.9764000177383423,0.949999988079071,0.9679999947547913,0.9319999814033508
1212,SBAC,fc1,final,10000,3,0.09845443814992905,0.9801999926567078,0.9545000195503235,0.9710000157356262,0.9380000233650208
1212,SBAC,fc1,final,10000,4,0.08226142823696136,0.9832000136375427,0.9599999785423279,0.9779999852180481,0.9419999718666077
1212,SBAC,fc1,final,10000,5,0.07188301533460617,0.9854000210762024,0.9620000123977661,0.9769999980926514,0.9470000267028809
1212,SBAC,fc1,final,10000,6,0.06435080617666245,0.9865999817848206,0.9624999761581421,0.9760000109672546,0.9490000009536743
1212,SBAC,fc1,final,10000,7,0.05856399983167648,0.9879999756813049,0.9645000100135803,0.9769999980926514,0.9520000219345093
1212,SBAC,fc1,final,10000,8,0.05410096421837807,0.9887999892234802,0.9664999842643738,0.9769999980926514,0.9559999704360962
1212,SBAC,fc1,final,10000,9,0.050458792597055435,0.9894000291824341,0.9674999713897705,0.9789999723434448,0.9559999704360962
1212,SBAC,fc1,final,10000,10,0.04757991060614586,0.9904000163078308,0.9674999713897705,0.9800000190734863,0.9549999833106995
1212,SBAC,fc1,final,10000,11,0.04467572271823883,0.9905999898910522,0.968500018119812,0.9789999723434448,0.9580000042915344
1212,SBAC,fc1,final,10000,12,0.04230707511305809,0.9914000034332275,0.9695000052452087,0.9800000190734863,0.9589999914169312
1212,SBAC,fc1,final,10000,13,0.04030099883675575,0.991599977016449,0.9695000052452087,0.9810000061988831,0.9580000042915344
1212,SBAC,fc1,final,10000,14,0.0385248139500618,0.9922000169754028,0.9700000286102295,0.9810000061988831,0.9589999914169312
1212,SBAC,fc1,final,10000,15,0.036958303302526474,0.9927999973297119,0.9700000286102295,0.9800000190734863,0.9599999785423279
1212,SBAC,fc1,final,10000,16,0.03554539009928703,0.9929999709129333,0.9700000286102295,0.9800000190734863,0.9599999785423279
1212,SBAC,fc1,final,10000,17,0.034276679158210754,0.993399977684021,0.9695000052452087,0.9800000190734863,0.9589999914169312
1212,SBAC,fc1,final,10000,18,0.033115748316049576,0.9937999844551086,0.9704999923706055,0.9810000061988831,0.9599999785423279
1212,SBAC,fc1,final,10000,19,0.03205006569623947,0.9941999912261963,0.9704999923706055,0.9810000061988831,0.9599999785423279
1212,SBAC,fc1,final,10000,20,0.031058896332979202,0.9937999844551086,0.9704999923706055,0.9819999933242798,0.9589999914169312
1313,SABC,fc1,final,10000,1,0.1667431741952896,0.9796000123023987,0.9605000019073486,0.9620000123977661,0.9589999914169312
1313,SABC,fc1,final,10000,2,0.09756225347518921,0.9873999953269958,0.968500018119812,0.9729999899864197,0.9639999866485596
1313,SABC,fc1,final,10000,3,0.07449594140052795,0.9887999892234802,0.9679999947547913,0.9729999899864197,0.9629999995231628
1313,SABC,fc1,final,10000,4,0.06205590069293976,0.9904000163078308,0.9700000286102295,0.9750000238418579,0.9649999737739563
1313,SABC,fc1,final,10000,5,0.054745350033044815,0.9911999702453613,0.9700000286102295,0.9760000109672546,0.9639999866485596
1313,SABC,fc1,final,10000,6,0.04878919944167137,0.9918000102043152,0.9710000157356262,0.9760000109672546,0.9660000205039978
1313,SABC,fc1,final,10000,7,0.044351838529109955,0.9923999905586243,0.9739999771118164,0.9779999852180481,0.9700000286102295
1313,SABC,fc1,final,10000,8,0.040976233780384064,0.9932000041007996,0.9750000238418579,0.9779999852180481,0.972000002861023
1313,SABC,fc1,final,10000,9,0.038239169865846634,0.9941999912261963,0.9754999876022339,0.9789999723434448,0.972000002861023
1313,SABC,fc1,final,10000,10,0.03599509224295616,0.9945999979972839,0.9769999980926514,0.9800000190734863,0.9739999771118164
1313,SABC,fc1,final,10000,11,0.03407255932688713,0.9947999715805054,0.9775000214576721,0.9800000190734863,0.9750000238418579
1313,SABC,fc1,final,10000,12,0.032401539385318756,0.9947999715805054,0.9779999852180481,0.9810000061988831,0.9750000238418579
1313,SABC,fc1,final,10000,13,0.03093651682138443,0.9950000047683716,0.9769999980926514,0.9800000190734863,0.9739999771118164
1313,SABC,fc1,final,10000,14,0.029633112251758575,0.9950000047683716,0.9769999980926514,0.9800000190734863,0.9739999771118164
1313,SABC,fc1,final,10000,15,0.02846617065370083,0.9950000047683716,0.9775000214576721,0.9810000061988831,0.9739999771118164
1313,SABC,fc1,final,10000,16,0.027410922572016716,0.9955999851226807,0.9775000214576721,0.9810000061988831,0.9739999771118164
1313,SABC,fc1,final,10000,17,0.026449566707015038,0.9958000183105469,0.9779999852180481,0.9810000061988831,0.9750000238418579
1313,SABC,fc1,final,10000,18,0.025571484118700027,0.9959999918937683,0.9785000085830688,0.9819999933242798,0.9750000238418579
1313,SABC,fc1,final,10000,19,0.02472459338605404,0.9962000250816345,0.9789999723434448,0.9819999933242798,0.9760000109672546
1313,SABC,fc1,final,10000,20,0.023973766714334488,0.9962000250816345,0.9785000085830688,0.9819999933242798,0.9750000238418579
1313,SBAC,fc1,final,10000,1,0.1922054886817932,0.9718000292778015,0.9490000009536743,0.9549999833106995,0.9430000185966492
1313,SBAC,fc1,final,10000,2,0.11720247566699982,0.978600025177002,0.9589999914169312,0.9660000205039978,0.9520000219345093
1313,SBAC,fc1,final,10000,3,0.09084420651197433,0.9843999743461609,0.9624999761581421,0.9710000157356262,0.9539999961853027
1313,SBAC,fc1,final,10000,4,0.07648720592260361,0.9860000014305115,0.9674999713897705,0.9779999852180481,0.9570000171661377
1313,SBAC,fc1,final,10000,5,0.06728901714086533,0.9878000020980835,0.9679999947547913,0.9760000109672546,0.9599999785423279
1313,SBAC,fc1,final,10000,6,0.0601431168615818,0.9886000156402588,0.9700000286102295,0.9779999852180481,0.9620000123977661
1313,SBAC,fc1,final,10000,7,0.054841771721839905,0.9891999959945679,0.9704999923706055,0.9789999723434448,0.9620000123977661
1313,SBAC,fc1,final,10000,8,0.050648611038923264,0.9900000095367432,0.9710000157356262,0.9789999723434448,0.9629999995231628
1313,SBAC,fc1,final,10000,9,0.04722534865140915,0.9905999898910522,0.972000002861023,0.9800000190734863,0.9639999866485596
1313,SBAC,fc1,final,10000,10,0.0443417951464653,0.9911999702453613,0.9725000262260437,0.9810000061988831,0.9639999866485596
1313,SBAC,fc1,final,10000,11,0.0418456606566906,0.9918000102043152,0.9739999771118164,0.9819999933242798,0.9660000205039978
1313,SBAC,fc1,final,10000,12,0.03968280181288719,0.9932000041007996,0.9754999876022339,0.9829999804496765,0.9679999947547913
1313,SBAC,fc1,final,10000,13,0.0377739742398262,0.9936000108718872,0.9764999747276306,0.9829999804496765,0.9700000286102295
1313,SBAC,fc1,final,10000,14,0.036085695028305054,0.9941999912261963,0.9764999747276306,0.9829999804496765,0.9700000286102295
1313,SBAC,fc1,final,10000,15,0.03456766530871391,0.9941999912261963,0.9764999747276306,0.9829999804496765,0.9700000286102295
1313,SBAC,fc1,final,10000,16,0.03319420665502548,0.9945999979972839,0.9764999747276306,0.9829999804496765,0.9700000286102295
1313,SBAC,fc1,final,10000,17,0.031948015093803406,0.9950000047683716,0.9769999980926514,0.984000027179718,0.9700000286102295
1313,SBAC,fc1,final,10000,18,0.030810067430138588,0.9954000115394592,0.9769999980926514,0.984000027179718,0.9700000286102295
1313,SBAC,fc1,final,10000,19,0.02977120317518711,0.9954000115394592,0.9779999852180481,0.9850000143051147,0.9710000157356262
1313,SBAC,fc1,final,10000,20,0.02882649004459381,0.9955999851226807,0.9785000085830688,0.9850000143051147,0.972000002861023
1414,SABC,fc1,final,10000,1,0.16390272974967957,0.9724000096321106,0.9614999890327454,0.9769999980926514,0.9459999799728394
1414,SABC,fc1,final,10000,2,0.10467158257961273,0.9800000190734863,0.9674999713897705,0.9800000190734863,0.9549999833106995
1414,SABC,fc1,final,10000,3,0.08227609097957611,0.9828000068664551,0.9714999794960022,0.9819999933242798,0.9610000252723694
1414,SABC,fc1,final,10000,4,0.06969929486513138,0.9851999878883362,0.9735000133514404,0.984000027179718,0.9629999995231628
1414,SABC,fc1,final,10000,5,0.06215285137295723,0.9882000088691711,0.9729999899864197,0.9800000190734863,0.9660000205039978
1414,SABC,fc1,final,10000,6,0.05529296398162842,0.9887999892234802,0.9745000004768372,0.9819999933242798,0.9670000076293945
1414,SABC,fc1,final,10000,7,0.05036873370409012,0.9901999831199646,0.9760000109672546,0.984000027179718,0.9679999947547913
1414,SABC,fc1,final,10000,8,0.04655982181429863,0.9904000163078308,0.9760000109672546,0.984000027179718,0.9679999947547913
1414,SABC,fc1,final,10000,9,0.04342586547136307,0.9909999966621399,0.9750000238418579,0.9829999804496765,0.9670000076293945
1414,SABC,fc1,final,10000,10,0.041011467576026917,0.991599977016449,0.9764999747276306,0.9829999804496765,0.9700000286102295
1414,SABC,fc1,final,10000,11,0.038527704775333405,0.9918000102043152,0.9769999980926514,0.984000027179718,0.9700000286102295
1414,SABC,fc1,final,10000,12,0.03648357465863228,0.9922000169754028,0.9764999747276306,0.9829999804496765,0.9700000286102295
1414,SABC,fc1,final,10000,13,0.03470361977815628,0.9927999973297119,0.9764999747276306,0.9829999804496765,0.9700000286102295
1414,SABC,fc1,final,10000,14,0.03313039615750313,0.9929999709129333,0.9769999980926514,0.984000027179718,0.9700000286102295
1414,SABC,fc1,final,10000,15,0.03172583878040314,0.9932000041007996,0.9769999980926514,0.984000027179718,0.9700000286102295
1414,SABC,fc1,final,10000,16,0.03045642003417015,0.9937999844551086,0.9769999980926514,0.984000027179718,0.9700000286102295
1414,SABC,fc1,final,10000,17,0.02930361032485962,0.9940000176429749,0.9775000214576721,0.984000027179718,0.9710000157356262
1414,SABC,fc1,final,10000,18,0.028225211426615715,0.9944000244140625,0.9775000214576721,0.984000027179718,0.9710000157356262
1414,SABC,fc1,final,10000,19,0.027265459299087524,0.9954000115394592,0.9779999852180481,0.9850000143051147,0.9710000157356262
1414,SABC,fc1,final,10000,20,0.02634003385901451,0.9959999918937683,0.9779999852180481,0.9850000143051147,0.9710000157356262
1414,SBAC,fc1,final,10000,1,0.13895292580127716,0.9739999771118164,0.9549999833106995,0.9679999947547913,0.9419999718666077
1414,SBAC,fc1,final,10000,2,0.08830828964710236,0.9829999804496765,0.9639999866485596,0.9750000238418579,0.953000009059906
1414,SBAC,fc1,final,10000,3,0.06974469870328903,0.9854000210762024,0.968500018119812,0.9810000061988831,0.9559999704360962
1414,SBAC,fc1,final,10000,4,0.05971219018101692,0.9878000020980835,0.968500018119812,0.9800000190734863,0.9570000171661377
1414,SBAC,fc1,final,10000,5,0.05366235226392746,0.989799976348877,0.9700000286102295,0.9800000190734863,0.9599999785423279
1414,SBAC,fc1,final,10000,6,0.04821358993649483,0.9904000163078308,0.9704999923706055,0.9800000190734863,0.9610000252723694
1414,SBAC,fc1,final,10000,7,0.04431431367993355,0.9918000102043152,0.9714999794960022,0.9810000061988831,0.9620000123977661
1414,SBAC,fc1,final,10000,8,0.041255030781030655,0.9923999905586243,0.9729999899864197,0.9819999933242798,0.9639999866485596
1414,SBAC,fc1,final,10000,9,0.03873522952198982,0.9929999709129333,0.9739999771118164,0.9819999933242798,0.9660000205039978
1414,SBAC,fc1,final,10000,10,0.03662647679448128,0.9929999709129333,0.9750000238418579,0.9819999933242798,0.9679999947547913
1414,SBAC,fc1,final,10000,11,0.03472724184393883,0.9932000041007996,0.9750000238418579,0.9819999933242798,0.9679999947547913
1414,SBAC,fc1,final,10000,12,0.03310540318489075,0.9932000041007996,0.9750000238418579,0.9819999933242798,0.9679999947547913
1414,SBAC,fc1,final,10000,13,0.0316697433590889,0.993399977684021,0.9750000238418579,0.9819999933242798,0.9679999947547913
1414,SBAC,fc1,final,10000,14,0.030456582084298134,0.9940000176429749,0.9750000238418579,0.9819999933242798,0.9679999947547913
1414,SBAC,fc1,final,10000,15,0.02923671342432499,0.9945999979972839,0.9745000004768372,0.9819999933242798,0.9670000076293945
1414,SBAC,fc1,final,10000,16,0.028157519176602364,0.9950000047683716,0.9750000238418579,0.9819999933242798,0.9679999947547913
1414,SBAC,fc1,final,10000,17,0.02719326689839363,0.9950000047683716,0.9754999876022339,0.9829999804496765,0.9679999947547913
1414,SBAC,fc1,final,10000,18,0.02630717121064663,0.9954000115394592,0.9760000109672546,0.9829999804496765,0.968999981880188
1414,SBAC,fc1,final,10000,19,0.025484351441264153,0.9959999918937683,0.9760000109672546,0.9829999804496765,0.968999981880188
1414,SBAC,fc1,final,10000,20,0.024706775322556496,0.9959999918937683,0.9754999876022339,0.9829999804496765,0.9679999947547913
1515,SABC,fc1,final,10000,1,0.24064616858959198,0.968999981880188,0.9514999985694885,0.9549999833106995,0.9480000138282776
1515,SABC,fc1,final,10000,2,0.14726348221302032,0.9797999858856201,0.9645000100135803,0.9739999771118164,0.9549999833106995
1515,SABC,fc1,final,10000,3,0.1144186407327652,0.9829999804496765,0.965499997138977,0.9750000238418579,0.9559999704360962
1515,SABC,fc1,final,10000,4,0.0966978594660759,0.9851999878883362,0.9664999842643738,0.9750000238418579,0.9580000042915344
1515,SABC,fc1,final,10000,5,0.08517225086688995,0.9868000149726868,0.9670000076293945,0.9750000238418579,0.9589999914169312
1515,SABC,fc1,final,10000,6,0.07673906534910202,0.9873999953269958,0.9695000052452087,0.9769999980926514,0.9620000123977661
1515,SABC,fc1,final,10000,7,0.07035070657730103,0.9882000088691711,0.9704999923706055,0.9789999723434448,0.9620000123977661
1515,SABC,fc1,final,10000,8,0.06541471183300018,0.9890000224113464,0.972000002861023,0.9810000061988831,0.9629999995231628
1515,SABC,fc1,final,10000,9,0.061384253203868866,0.9901999831199646,0.9745000004768372,0.9829999804496765,0.9660000205039978
1515,SABC,fc1,final,10000,10,0.057977095246315,0.9901999831199646,0.9764999747276306,0.9829999804496765,0.9700000286102295
1515,SABC,fc1,final,10000,11,0.05506192147731781,0.9905999898910522,0.9764999747276306,0.9829999804496765,0.9700000286102295
1515,SABC,fc1,final,10000,12,0.05254149064421654,0.9909999966621399,0.9764999747276306,0.9829999804496765,0.9700000286102295
1515,SABC,fc1,final,10000,13,0.05032378062605858,0.991599977016449,0.9769999980926514,0.9829999804496765,0.9710000157356262
1515,SABC,fc1,final,10000,14,0.04833982512354851,0.9918000102043152,0.9775000214576721,0.9829999804496765,0.972000002861023
1515,SABC,fc1,final,10000,15,0.0465741865336895,0.9922000169754028,0.9779999852180481,0.9829999804496765,0.9729999899864197
1515,SABC,fc1,final,10000,16,0.04496654495596886,0.9922000169754028,0.9775000214576721,0.9829999804496765,0.972000002861023
1515,SABC,fc1,final,10000,17,0.04351618513464928,0.9923999905586243,0.9775000214576721,0.9829999804496765,0.972000002861023
1515,SABC,fc1,final,10000,18,0.042168989777565,0.9929999709129333,0.9775000214576721,0.9829999804496765,0.972000002861023
1515,SABC,fc1,final,10000,19,0.04094674065709114,0.9932000041007996,0.9769999980926514,0.9829999804496765,0.9710000157356262
1515,SABC,fc1,final,10000,20,0.03984859958291054,0.993399977684021,0.9760000109672546,0.9819999933242798,0.9700000286102295
1515,SBAC,fc1,final,10000,1,0.290785014629364,0.9538000226020813,0.9325000047683716,0.9369999766349792,0.9279999732971191
1515,SBAC,fc1,final,10000,2,0.1723439246416092,0.9724000096321106,0.9549999833106995,0.9670000076293945,0.9430000185966492
1515,SBAC,fc1,final,10000,3,0.13276247680187225,0.9782000184059143,0.9595000147819519,0.9710000157356262,0.9480000138282776
1515,SBAC,fc1,final,10000,4,0.11171585321426392,0.9810000061988831,0.9599999785423279,0.9700000286102295,0.949999988079071
1515,SBAC,fc1,final,10000,5,0.09865683317184448,0.9828000068664551,0.9664999842643738,0.9750000238418579,0.9580000042915344
1515,SBAC,fc1,final,10000,6,0.08910421282052994,0.9836000204086304,0.9700000286102295,0.9779999852180481,0.9620000123977661
1515,SBAC,fc1,final,10000,7,0.08193541318178177,0.9843999743461609,0.968999981880188,0.9779999852180481,0.9599999785423279
1515,SBAC,fc1,final,10000,8,0.07611147314310074,0.9851999878883362,0.9700000286102295,0.9800000190734863,0.9599999785423279
1515,SBAC,fc1,final,10000,9,0.07142563909292221,0.9860000014305115,0.9695000052452087,0.9800000190734863,0.9589999914169312
1515,SBAC,fc1,final,10000,10,0.06760454922914505,0.9865999817848206,0.9710000157356262,0.9810000061988831,0.9610000252723694
1515,SBAC,fc1,final,10000,11,0.06431089341640472,0.9876000285148621,0.9710000157356262,0.9819999933242798,0.9599999785423279
1515,SBAC,fc1,final,10000,12,0.061502855271101,0.9883999824523926,0.9710000157356262,0.9819999933242798,0.9599999785423279
1515,SBAC,fc1,final,10000,13,0.05902988463640213,0.9886000156402588,0.972000002861023,0.9829999804496765,0.9610000252723694
1515,SBAC,fc1,final,10000,14,0.05682683736085892,0.9890000224113464,0.9725000262260437,0.9829999804496765,0.9620000123977661
1515,SBAC,fc1,final,10000,15,0.054870910942554474,0.9896000027656555,0.9725000262260437,0.9829999804496765,0.9620000123977661
1515,SBAC,fc1,final,10000,16,0.053092822432518005,0.9901999831199646,0.9725000262260437,0.9829999804496765,0.9620000123977661
1515,SBAC,fc1,final,10000,17,0.05147672817111015,0.9905999898910522,0.9739999771118164,0.984000027179718,0.9639999866485596
1515,SBAC,fc1,final,10000,18,0.050005968660116196,0.9908000230789185,0.9739999771118164,0.984000027179718,0.9639999866485596
1515,SBAC,fc1,final,10000,19,0.048646025359630585,0.9909999966621399,0.9739999771118164,0.984000027179718,0.9639999866485596
1515,SBAC,fc1,final,10000,20,0.04750705137848854,0.9914000034332275,0.9735000133514404,0.9850000143051147,0.9620000123977661
1616,SABC,fc1,final,10000,1,0.15066884458065033,0.9771999716758728,0.9620000123977661,0.9710000157356262,0.953000009059906
1616,SABC,fc1,final,10000,2,0.09290916472673416,0.98580002784729,0.9679999947547913,0.9789999723434448,0.9570000171661377
1616,SABC,fc1,final,10000,3,0.07268951088190079,0.9876000285148621,0.9714999794960022,0.9800000190734863,0.9629999995231628
1616,SABC,fc1,final,10000,4,0.06119498983025551,0.9894000291824341,0.972000002861023,0.9819999933242798,0.9620000123977661
1616,SABC,fc1,final,10000,5,0.054009996354579926,0.9901999831199646,0.972000002861023,0.9819999933242798,0.9620000123977661
1616,SABC,fc1,final,10000,6,0.048681773245334625,0.9914000034332275,0.9735000133514404,0.9819999933242798,0.9649999737739563
1616,SABC,fc1,final,10000,7,0.04459429159760475,0.9923999905586243,0.9750000238418579,0.984000027179718,0.9660000205039978
1616,SABC,fc1,final,10000,8,0.04142715409398079,0.9923999905586243,0.9754999876022339,0.9860000014305115,0.9649999737739563
1616,SABC,fc1,final,10000,9,0.038790263235569,0.9929999709129333,0.9760000109672546,0.9860000014305115,0.9660000205039978
1616,SABC,fc1,final,10000,10,0.03658788278698921,0.9929999709129333,0.9760000109672546,0.9860000014305115,0.9660000205039978
1616,SABC,fc1,final,10000,11,0.0346531942486763,0.9932000041007996,0.9760000109672546,0.9860000014305115,0.9660000205039978
1616,SABC,fc1,final,10000,12,0.03300243616104126,0.993399977684021,0.9760000109672546,0.9860000014305115,0.9660000205039978
1616,SABC,fc1,final,10000,13,0.03154010698199272,0.9936000108718872,0.9764999747276306,0.9860000014305115,0.9670000076293945
1616,SABC,fc1,final,10000,14,0.030219387263059616,0.9937999844551086,0.9775000214576721,0.9869999885559082,0.9679999947547913
1616,SABC,fc1,final,10000,15,0.029033470898866653,0.9940000176429749,0.9775000214576721,0.9869999885559082,0.9679999947547913
1616,SABC,fc1,final,10000,16,0.027948742732405663,0.9941999912261963,0.9785000085830688,0.9860000014305115,0.9710000157356262
1616,SABC,fc1,final,10000,17,0.026972537860274315,0.9941999912261963,0.9794999957084656,0.9869999885559082,0.972000002861023
1616,SABC,fc1,final,10000,18,0.026080185547471046,0.9944000244140625,0.9800000190734863,0.9869999885559082,0.9729999899864197
1616,SABC,fc1,final,10000,19,0.025259966030716896,0.9945999979972839,0.9800000190734863,0.9869999885559082,0.9729999899864197
1616,SABC,fc1,final,10000,20,0.02459239400923252,0.9947999715805054,0.9789999723434448,0.9860000014305115,0.972000002861023
1616,SBAC,fc1,final,10000,1,0.19616834819316864,0.967199981212616,0.9355000257492065,0.9409999847412109,0.9300000071525574
1616,SBAC,fc1,final,10000,2,0.12406764924526215,0.979200005531311,0.953000009059906,0.9610000252723694,0.9449999928474426
1616,SBAC,fc1,final,10000,3,0.09748760610818863,0.9814000129699707,0.9585000276565552,0.9660000205039978,0.9509999752044678
1616,SBAC,fc1,final,10000,4,0.08264224231243134,0.984000027179718,0.9620000123977661,0.9700000286102295,0.9539999961853027
1616,SBAC,fc1,final,10000,5,0.07292652130126953,0.9861999750137329,0.965499997138977,0.9750000238418579,0.9559999704360962
1616,SBAC,fc1,final,10000,6,0.06579937040805817,0.9872000217437744,0.9674999713897705,0.9760000109672546,0.9589999914169312
1616,SBAC,fc1,final,10000,7,0.06052922457456589,0.9882000088691711,0.968999981880188,0.9760000109672546,0.9620000123977661
1616,SBAC,fc1,final,10000,8,0.056086018681526184,0.9890000224113464,0.9695000052452087,0.9769999980926514,0.9620000123977661
1616,SBAC,fc1,final,10000,9,0.05256799980998039,0.9894000291824341,0.968999981880188,0.9769999980926514,0.9610000252723694
1616,SBAC,fc1,final,10000,10,0.04952674359083176,0.9896000027656555,0.9704999923706055,0.9789999723434448,0.9620000123977661
1616,SBAC,fc1,final,10000,11,0.04700573533773422,0.9908000230789185,0.9700000286102295,0.9789999723434448,0.9610000252723694
1616,SBAC,fc1,final,10000,12,0.04480656236410141,0.9911999702453613,0.9700000286102295,0.9789999723434448,0.9610000252723694
1616,SBAC,fc1,final,10000,13,0.04288342595100403,0.991599977016449,0.9700000286102295,0.9789999723434448,0.9610000252723694
1616,SBAC,fc1,final,10000,14,0.041168563067913055,0.9918000102043152,0.9704999923706055,0.9789999723434448,0.9620000123977661
1616,SBAC,fc1,final,10000,15,0.03962115943431854,0.9922000169754028,0.9710000157356262,0.9789999723434448,0.9629999995231628
1616,SBAC,fc1,final,10000,16,0.038223110139369965,0.9922000169754028,0.9710000157356262,0.9789999723434448,0.9629999995231628
1616,SBAC,fc1,final,10000,17,0.03695034608244896,0.9927999973297119,0.9710000157356262,0.9789999723434448,0.9629999995231628
1616,SBAC,fc1,final,10000,18,0.035788990557193756,0.9932000041007996,0.9714999794960022,0.9789999723434448,0.9639999866485596
1616,SBAC,fc1,final,10000,19,0.03472255542874336,0.993399977684021,0.9725000262260437,0.9789999723434448,0.9660000205039978
1616,SBAC,fc1,final,10000,20,0.03368755429983139,0.993399977684021,0.9729999899864197,0.9789999723434448,0.9670000076293945
1717,SABC,fc1,final,10000,1,0.245292067527771,0.9607999920845032,0.9415000081062317,0.9610000252723694,0.921999990940094
1717,SABC,fc1,final,10000,2,0.15469060838222504,0.973800003528595,0.953499972820282,0.9710000157356262,0.9359999895095825
1717,SABC,fc1,final,10000,3,0.121799536049366,0.9793999791145325,0.9580000042915344,0.9739999771118164,0.9419999718666077
1717,SABC,fc1,final,10000,4,0.10350321978330612,0.9811999797821045,0.9610000252723694,0.9750000238418579,0.9470000267028809
1717,SABC,fc1,final,10000,5,0.09198823571205139,0.9829999804496765,0.9624999761581421,0.9750000238418579,0.949999988079071
1717,SABC,fc1,final,10000,6,0.08330564200878143,0.9843999743461609,0.9635000228881836,0.9760000109672546,0.9509999752044678
1717,SABC,fc1,final,10000,7,0.0768396183848381,0.9850000143051147,0.965499997138977,0.9779999852180481,0.953000009059906
1717,SABC,fc1,final,10000,8,0.07178585231304169,0.9854000210762024,0.965499997138977,0.9779999852180481,0.953000009059906
1717,SABC,fc1,final,10000,9,0.0676831528544426,0.9860000014305115,0.9670000076293945,0.9789999723434448,0.9549999833106995
1717,SABC,fc1,final,10000,10,0.06417440623044968,0.9872000217437744,0.9670000076293945,0.9789999723434448,0.9549999833106995
1717,SABC,fc1,final,10000,11,0.06121169403195381,0.9873999953269958,0.9679999947547913,0.9789999723434448,0.9570000171661377
1717,SABC,fc1,final,10000,12,0.05865439400076866,0.9873999953269958,0.9695000052452087,0.9789999723434448,0.9599999785423279
1717,SABC,fc1,final,10000,13,0.05641987919807434,0.9876000285148621,0.9700000286102295,0.9789999723434448,0.9610000252723694
1717,SABC,fc1,final,10000,14,0.05439765751361847,0.9882000088691711,0.9700000286102295,0.9789999723434448,0.9610000252723694
1717,SABC,fc1,final,10000,15,0.05260595679283142,0.9887999892234802,0.9700000286102295,0.9789999723434448,0.9610000252723694
1717,SABC,fc1,final,10000,16,0.05097422003746033,0.9890000224113464,0.9695000052452087,0.9779999852180481,0.9610000252723694
1717,SABC,fc1,final,10000,17,0.049498312175273895,0.9896000027656555,0.9695000052452087,0.9779999852180481,0.9610000252723694
1717,SABC,fc1,final,10000,18,0.04814867302775383,0.9901999831199646,0.9700000286102295,0.9789999723434448,0.9610000252723694
1717,SABC,fc1,final,10000,19,0.04690110310912132,0.9904000163078308,0.9695000052452087,0.9789999723434448,0.9599999785423279
1717,SABC,fc1,final,10000,20,0.045755065977573395,0.9905999898910522,0.9695000052452087,0.9789999723434448,0.9599999785423279
1717,SBAC,fc1,final,10000,1,0.18096674978733063,0.9742000102996826,0.9580000042915344,0.9639999866485596,0.9520000219345093
1717,SBAC,fc1,final,10000,2,0.11146128922700882,0.9847999811172485,0.9670000076293945,0.9739999771118164,0.9599999785423279
1717,SBAC,fc1,final,10000,3,0.08704167604446411,0.98580002784729,0.9679999947547913,0.9729999899864197,0.9629999995231628
1717,SBAC,fc1,final,10000,4,0.07343551516532898,0.9869999885559082,0.9714999794960022,0.9789999723434448,0.9639999866485596
1717,SBAC,fc1,final,10000,5,0.06544878333806992,0.9882000088691711,0.9725000262260437,0.9779999852180481,0.9670000076293945
1717,SBAC,fc1,final,10000,6,0.05879112705588341,0.9890000224113464,0.9745000004768372,0.9810000061988831,0.9679999947547913
1717,SBAC,fc1,final,10000,7,0.05386710911989212,0.9901999831199646,0.9760000109672546,0.9819999933242798,0.9700000286102295
1717,SBAC,fc1,final,10000,8,0.050131238996982574,0.9909999966621399,0.9764999747276306,0.9819999933242798,0.9710000157356262
1717,SBAC,fc1,final,10000,9,0.04707717150449753,0.991599977016449,0.9754999876022339,0.9819999933242798,0.968999981880188
1717,SBAC,fc1,final,10000,10,0.04461536183953285,0.991599977016449,0.9754999876022339,0.9819999933242798,0.968999981880188
1717,SBAC,fc1,final,10000,11,0.04235190898180008,0.9918000102043152,0.9754999876022339,0.9819999933242798,0.968999981880188
1717,SBAC,fc1,final,10000,12,0.04040469229221344,0.9919999837875366,0.9760000109672546,0.9819999933242798,0.9700000286102295
1717,SBAC,fc1,final,10000,13,0.03872393071651459,0.9922000169754028,0.9760000109672546,0.9819999933242798,0.9700000286102295
1717,SBAC,fc1,final,10000,14,0.037223510444164276,0.9927999973297119,0.9769999980926514,0.9829999804496765,0.9710000157356262
1717,SBAC,fc1,final,10000,15,0.035897575318813324,0.993399977684021,0.9779999852180481,0.984000027179718,0.972000002861023
1717,SBAC,fc1,final,10000,16,0.034698352217674255,0.993399977684021,0.9779999852180481,0.984000027179718,0.972000002861023
1717,SBAC,fc1,final,10000,17,0.0336063876748085,0.9937999844551086,0.9785000085830688,0.984000027179718,0.9729999899864197
1717,SBAC,fc1,final,10000,18,0.0325552262365818,0.9937999844551086,0.9785000085830688,0.984000027179718,0.9729999899864197
1717,SBAC,fc1,final,10000,19,0.031630706042051315,0.9940000176429749,0.9785000085830688,0.984000027179718,0.9729999899864197
1717,SBAC,fc1,final,10000,20,0.03095376305282116,0.9940000176429749,0.9779999852180481,0.9850000143051147,0.9710000157356262
1818,SABC,fc1,final,10000,1,0.22818705439567566,0.9667999744415283,0.9564999938011169,0.9670000076293945,0.9459999799728394
1818,SABC,fc1,final,10000,2,0.1397199034690857,0.9782000184059143,0.9645000100135803,0.9739999771118164,0.9549999833106995
1818,SABC,fc1,final,10000,3,0.10859766602516174,0.9825999736785889,0.968500018119812,0.9769999980926514,0.9599999785423279
1818,SABC,fc1,final,10000,4,0.09150917083024979,0.9850000143051147,0.9704999923706055,0.9789999723434448,0.9620000123977661
1818,SABC,fc1,final,10000,5,0.0813911035656929,0.9869999885559082,0.9710000157356262,0.9779999852180481,0.9639999866485596
1818,SABC,fc1,final,10000,6,0.07309981435537338,0.9873999953269958,0.9729999899864197,0.9810000061988831,0.9649999737739563
1818,SABC,fc1,final,10000,7,0.0670108050107956,0.9886000156402588,0.9725000262260437,0.9810000061988831,0.9639999866485596
1818,SABC,fc1,final,10000,8,0.062390223145484924,0.9890000224113464,0.9729999899864197,0.9810000061988831,0.9649999737739563
1818,SABC,fc1,final,10000,9,0.05863472819328308,0.989799976348877,0.9750000238418579,0.9829999804496765,0.9670000076293945
1818,SABC,fc1,final,10000,10,0.05547526851296425,0.9900000095367432,0.9750000238418579,0.9829999804496765,0.9670000076293945
1818,SABC,fc1,final,10000,11,0.052742358297109604,0.9900000095367432,0.9760000109672546,0.984000027179718,0.9679999947547913
1818,SABC,fc1,final,10000,12,0.05036131665110588,0.9900000095367432,0.9769999980926514,0.9850000143051147,0.968999981880188
1818,SABC,fc1,final,10000,13,0.048266492784023285,0.9900000095367432,0.9779999852180481,0.9860000014305115,0.9700000286102295
1818,SABC,fc1,final,10000,14,0.046406034380197525,0.9904000163078308,0.9785000085830688,0.9860000014305115,0.9710000157356262
1818,SABC,fc1,final,10000,15,0.04470556229352951,0.9905999898910522,0.9785000085830688,0.9860000014305115,0.9710000157356262
1818,SABC,fc1,final,10000,16,0.04317990690469742,0.9909999966621399,0.9785000085830688,0.9860000014305115,0.9710000157356262
1818,SABC,fc1,final,10000,17,0.041743554174900055,0.9909999966621399,0.9785000085830688,0.9860000014305115,0.9710000157356262
1818,SABC,fc1,final,10000,18,0.04041498154401779,0.991599977016449,0.9789999723434448,0.9869999885559082,0.9710000157356262
1818,SABC,fc1,final,10000,19,0.03924392908811569,0.991599977016449,0.9789999723434448,0.9869999885559082,0.9710000157356262
1818,SABC,fc1,final,10000,20,0.03814079239964485,0.9919999837875366,0.9789999723434448,0.9869999885559082,0.9710000157356262
1818,SBAC,fc1,final,10000,1,0.15763583779335022,0.9757999777793884,0.9614999890327454,0.9729999899864197,0.949999988079071
1818,SBAC,fc1,final,10000,2,0.10360898077487946,0.980400025844574,0.9670000076293945,0.9760000109672546,0.9580000042915344
1818,SBAC,fc1,final,10000,3,0.08279538154602051,0.9836000204086304,0.968999981880188,0.9789999723434448,0.9589999914169312
1818,SBAC,fc1,final,10000,4,0.07141438871622086,0.9854000210762024,0.972000002861023,0.9829999804496765,0.9610000252723694
1818,SBAC,fc1,final,10000,5,0.06406188011169434,0.9861999750137329,0.9729999899864197,0.9800000190734863,0.9660000205039978
1818,SBAC,fc1,final,10000,6,0.058344513177871704,0.9878000020980835,0.9745000004768372,0.9819999933242798,0.9670000076293945
1818,SBAC,fc1,final,10000,7,0.05398190766572952,0.9882000088691711,0.9739999771118164,0.9819999933242798,0.9660000205039978
1818,SBAC,fc1,final,10000,8,0.050545573234558105,0.9886000156402588,0.9745000004768372,0.9829999804496765,0.9660000205039978
1818,SBAC,fc1,final,10000,9,0.04770617559552193,0.9894000291824341,0.9739999771118164,0.9819999933242798,0.9660000205039978
1818,SBAC,fc1,final,10000,10,0.045403704047203064,0.989799976348877,0.9745000004768372,0.9829999804496765,0.9660000205039978
1818,SBAC,fc1,final,10000,11,0.04317650571465492,0.9901999831199646,0.9764999747276306,0.9860000014305115,0.9670000076293945
1818,SBAC,fc1,final,10000,12,0.04132338613271713,0.9905999898910522,0.9764999747276306,0.9860000014305115,0.9670000076293945
1818,SBAC,fc1,final,10000,13,0.0397053100168705,0.9911999702453613,0.9764999747276306,0.9860000014305115,0.9670000076293945
1818,SBAC,fc1,final,10000,14,0.03824767842888832,0.9922000169754028,0.9764999747276306,0.9860000014305115,0.9670000076293945
1818,SBAC,fc1,final,10000,15,0.036937445402145386,0.9927999973297119,0.9769999980926514,0.9860000014305115,0.9679999947547913
1818,SBAC,fc1,final,10000,16,0.0357469879090786,0.9926000237464905,0.9769999980926514,0.9860000014305115,0.9679999947547913
1818,SBAC,fc1,final,10000,17,0.03466726839542389,0.9932000041007996,0.9769999980926514,0.9860000014305115,0.9679999947547913
1818,SBAC,fc1,final,10000,18,0.033665455877780914,0.9936000108718872,0.9775000214576721,0.9869999885559082,0.9679999947547913
1818,SBAC,fc1,final,10000,19,0.032753534615039825,0.9937999844551086,0.9769999980926514,0.9860000014305115,0.9679999947547913
1818,SBAC,fc1,final,10000,20,0.03196334466338158,0.9937999844551086,0.9769999980926514,0.9860000014305115,0.9679999947547913
1919,SABC,fc1,final,10000,1,0.16054514050483704,0.9706000089645386,0.9514999985694885,0.9629999995231628,0.9399999976158142
1919,SABC,fc1,final,10000,2,0.1040622815489769,0.9797999858856201,0.9605000019073486,0.9710000157356262,0.949999988079071
1919,SABC,fc1,final,10000,3,0.08298413455486298,0.9833999872207642,0.9645000100135803,0.9750000238418579,0.9539999961853027
1919,SABC,fc1,final,10000,4,0.07122944295406342,0.9864000082015991,0.9670000076293945,0.9769999980926514,0.9570000171661377
1919,SABC,fc1,final,10000,5,0.06350468844175339,0.9872000217437744,0.968500018119812,0.9769999980926514,0.9599999785423279
1919,SABC,fc1,final,10000,6,0.05782603099942207,0.9896000027656555,0.9714999794960022,0.9789999723434448,0.9639999866485596
1919,SABC,fc1,final,10000,7,0.05337299033999443,0.989799976348877,0.9710000157356262,0.9779999852180481,0.9639999866485596
1919,SABC,fc1,final,10000,8,0.049897145479917526,0.989799976348877,0.9714999794960022,0.9779999852180481,0.9649999737739563
1919,SABC,fc1,final,10000,9,0.04702004790306091,0.9904000163078308,0.9739999771118164,0.9789999723434448,0.968999981880188
1919,SABC,fc1,final,10000,10,0.04475587606430054,0.9909999966621399,0.9745000004768372,0.9769999980926514,0.972000002861023
1919,SABC,fc1,final,10000,11,0.04248911887407303,0.9911999702453613,0.9745000004768372,0.9779999852180481,0.9710000157356262
1919,SABC,fc1,final,10000,12,0.040594447404146194,0.9922000169754028,0.9745000004768372,0.9779999852180481,0.9710000157356262
1919,SABC,fc1,final,10000,13,0.03894095867872238,0.9923999905586243,0.9750000238418579,0.9789999723434448,0.9710000157356262
1919,SABC,fc1,final,10000,14,0.03746639937162399,0.9929999709129333,0.9750000238418579,0.9789999723434448,0.9710000157356262
1919,SABC,fc1,final,10000,15,0.03615650162100792,0.9932000041007996,0.9754999876022339,0.9789999723434448,0.972000002861023
1919,SABC,fc1,final,10000,16,0.03495972603559494,0.9940000176429749,0.9764999747276306,0.9789999723434448,0.9739999771118164
1919,SABC,fc1,final,10000,17,0.0338657908141613,0.9941999912261963,0.9760000109672546,0.9779999852180481,0.9739999771118164
1919,SABC,fc1,final,10000,18,0.03287072852253914,0.9944000244140625,0.9760000109672546,0.9779999852180481,0.9739999771118164
1919,SABC,fc1,final,10000,19,0.031962767243385315,0.9945999979972839,0.9760000109672546,0.9779999852180481,0.9739999771118164
1919,SABC,fc1,final,10000,20,0.03109387867152691,0.9947999715805054,0.9760000109672546,0.9779999852180481,0.9739999771118164
1919,SBAC,fc1,final,10000,1,0.20284903049468994,0.9706000089645386,0.9559999704360962,0.972000002861023,0.9399999976158142
1919,SBAC,fc1,final,10000,2,0.12753108143806458,0.9810000061988831,0.9649999737739563,0.9760000109672546,0.9539999961853027
1919,SBAC,fc1,final,10000,3,0.09994937479496002,0.9828000068664551,0.9679999947547913,0.9789999723434448,0.9570000171661377
1919,SBAC,fc1,final,10000,4,0.08506903052330017,0.9847999811172485,0.9695000052452087,0.9769999980926514,0.9620000123977661
1919,SBAC,fc1,final,10000,5,0.07531426101922989,0.9873999953269958,0.9704999923706055,0.9789999723434448,0.9620000123977661
1919,SBAC,fc1,final,10000,6,0.06844481080770493,0.9876000285148621,0.9714999794960022,0.9789999723434448,0.9639999866485596
1919,SBAC,fc1,final,10000,7,0.06320483237504959,0.9886000156402588,0.9735000133514404,0.9800000190734863,0.9670000076293945
1919,SBAC,fc1,final,10000,8,0.05899829789996147,0.9891999959945679,0.9739999771118164,0.9800000190734863,0.9679999947547913
1919,SBAC,fc1,final,10000,9,0.055587414652109146,0.989799976348877,0.9739999771118164,0.9800000190734863,0.9679999947547913
1919,SBAC,fc1,final,10000,10,0.052950579673051834,0.9900000095367432,0.9745000004768372,0.9800000190734863,0.968999981880188
1919,SBAC,fc1,final,10000,11,0.050262656062841415,0.9905999898910522,0.9760000109672546,0.9800000190734863,0.972000002861023
1919,SBAC,fc1,final,10000,12,0.0480944886803627,0.9904000163078308,0.9760000109672546,0.9800000190734863,0.972000002861023
1919,SBAC,fc1,final,10000,13,0.04619254171848297,0.9908000230789185,0.9760000109672546,0.9800000190734863,0.972000002861023
1919,SBAC,fc1,final,10000,14,0.04451548308134079,0.9911999702453613,0.9760000109672546,0.9800000190734863,0.972000002861023
1919,SBAC,fc1,final,10000,15,0.04299262911081314,0.9914000034332275,0.9754999876022339,0.9800000190734863,0.9710000157356262
1919,SBAC,fc1,final,10000,16,0.0416695661842823,0.9918000102043152,0.9745000004768372,0.9789999723434448,0.9700000286102295
1919,SBAC,fc1,final,10000,17,0.04036750644445419,0.9918000102043152,0.9750000238418579,0.9789999723434448,0.9710000157356262
1919,SBAC,fc1,final,10000,18,0.039219655096530914,0.9919999837875366,0.9750000238418579,0.9789999723434448,0.9710000157356262
1919,SBAC,fc1,final,10000,19,0.03816031292080879,0.9919999837875366,0.9754999876022339,0.9789999723434448,0.972000002861023
1919,SBAC,fc1,final,10000,20,0.03717353567481041,0.9922000169754028,0.9754999876022339,0.9789999723434448,0.972000002861023
202,SABC,fc1,final,10000,1,0.17172960937023163,0.978600025177002,0.9539999961853027,0.9729999899864197,0.9350000023841858
202,SABC,fc1,final,10000,2,0.10657185316085815,0.9846000075340271,0.9639999866485596,0.9810000061988831,0.9470000267028809
202,SABC,fc1,final,10000,3,0.08341799676418304,0.9878000020980835,0.968500018119812,0.9819999933242798,0.9549999833106995
202,SABC,fc1,final,10000,4,0.07058694213628769,0.9886000156402588,0.9704999923706055,0.984000027179718,0.9570000171661377
202,SABC,fc1,final,10000,5,0.06275573372840881,0.9886000156402588,0.9725000262260437,0.9850000143051147,0.9599999785423279
202,SABC,fc1,final,10000,6,0.056667279452085495,0.9900000095367432,0.9735000133514404,0.9850000143051147,0.9620000123977661
202,SABC,fc1,final,10000,7,0.052065666764974594,0.9901999831199646,0.9739999771118164,0.9850000143051147,0.9629999995231628
202,SABC,fc1,final,10000,8,0.04853261262178421,0.9908000230789185,0.9745000004768372,0.9860000014305115,0.9629999995231628
202,SABC,fc1,final,10000,9,0.04565350338816643,0.9914000034332275,0.9750000238418579,0.9879999756813049,0.9620000123977661
202,SABC,fc1,final,10000,10,0.043231844902038574,0.9914000034332275,0.9754999876022339,0.9879999756813049,0.9629999995231628
202,SABC,fc1,final,10000,11,0.04117827117443085,0.9922000169754028,0.9760000109672546,0.9879999756813049,0.9639999866485596
202,SABC,fc1,final,10000,12,0.03939521312713623,0.9922000169754028,0.9760000109672546,0.9879999756813049,0.9639999866485596
202,SABC,fc1,final,10000,13,0.037838440388441086,0.9922000169754028,0.9760000109672546,0.9879999756813049,0.9639999866485596
202,SABC,fc1,final,10000,14,0.03646356239914894,0.9926000237464905,0.9760000109672546,0.9890000224113464,0.9629999995231628
202,SABC,fc1,final,10000,15,0.03521028161048889,0.993399977684021,0.9760000109672546,0.9879999756813049,0.9639999866485596
202,SABC,fc1,final,10000,16,0.034094542264938354,0.993399977684021,0.9760000109672546,0.9879999756813049,0.9639999866485596
202,SABC,fc1,final,10000,17,0.033078063279390335,0.993399977684021,0.9764999747276306,0.9879999756813049,0.9649999737739563
202,SABC,fc1,final,10000,18,0.03215121477842331,0.9937999844551086,0.9764999747276306,0.9890000224113464,0.9639999866485596
202,SABC,fc1,final,10000,19,0.031296368688344955,0.9937999844551086,0.9764999747276306,0.9890000224113464,0.9639999866485596
202,SABC,fc1,final,10000,20,0.030491555109620094,0.9937999844551086,0.9769999980926514,0.9890000224113464,0.9649999737739563
202,SBAC,fc1,final,10000,1,0.1864742636680603,0.9724000096321106,0.9419999718666077,0.9449999928474426,0.9390000104904175
202,SBAC,fc1,final,10000,2,0.1182754635810852,0.9807999730110168,0.9580000042915344,0.9649999737739563,0.9509999752044678
202,SBAC,fc1,final,10000,3,0.09371244162321091,0.9860000014305115,0.9599999785423279,0.968999981880188,0.9509999752044678
202,SBAC,fc1,final,10000,4,0.08035808801651001,0.9878000020980835,0.9624999761581421,0.9710000157356262,0.9539999961853027
202,SBAC,fc1,final,10000,5,0.07158055901527405,0.9882000088691711,0.9645000100135803,0.972000002861023,0.9570000171661377
202,SBAC,fc1,final,10000,6,0.06521815061569214,0.9883999824523926,0.9660000205039978,0.9750000238418579,0.9570000171661377
202,SBAC,fc1,final,10000,7,0.06028003618121147,0.9890000224113464,0.9670000076293945,0.9769999980926514,0.9570000171661377
202,SBAC,fc1,final,10000,8,0.056387580931186676,0.9891999959945679,0.9664999842643738,0.9769999980926514,0.9559999704360962
202,SBAC,fc1,final,10000,9,0.053124528378248215,0.9894000291824341,0.9679999947547913,0.9789999723434448,0.9570000171661377
202,SBAC,fc1,final,10000,10,0.05042697861790657,0.9896000027656555,0.968500018119812,0.9789999723434448,0.9580000042915344
202,SBAC,fc1,final,10000,11,0.04811127856373787,0.989799976348877,0.9695000052452087,0.9810000061988831,0.9580000042915344
202,SBAC,fc1,final,10000,12,0.04606781154870987,0.9905999898910522,0.9714999794960022,0.9829999804496765,0.9599999785423279
202,SBAC,fc1,final,10000,13,0.04427933320403099,0.9918000102043152,0.9714999794960022,0.9829999804496765,0.9599999785423279
202,SBAC,fc1,final,10000,14,0.042680609971284866,0.9923999905586243,0.9714999794960022,0.9829999804496765,0.9599999785423279
202,SBAC,fc1,final,10000,15,0.04122909903526306,0.9926000237464905,0.9714999794960022,0.9829999804496765,0.9599999785423279
202,SBAC,fc1,final,10000,16,0.03993453085422516,0.9927999973297119,0.9725000262260437,0.9829999804496765,0.9620000123977661
202,SBAC,fc1,final,10000,17,0.03874797746539116,0.9929999709129333,0.9729999899864197,0.9829999804496765,0.9629999995231628
202,SBAC,fc1,final,10000,18,0.037653788924217224,0.9929999709129333,0.9725000262260437,0.9819999933242798,0.9629999995231628
202,SBAC,fc1,final,10000,19,0.03665237873792648,0.9932000041007996,0.9725000262260437,0.9819999933242798,0.9629999995231628
202,SBAC,fc1,final,10000,20,0.03571172058582306,0.993399977684021,0.9729999899864197,0.9829999804496765,0.9629999995231628
2020,SABC,fc1,final,10000,1,0.1846562772989273,0.9697999954223633,0.9495000243186951,0.9580000042915344,0.9409999847412109
2020,SABC,fc1,final,10000,2,0.11450208723545074,0.980400025844574,0.9629999995231628,0.9710000157356262,0.9549999833106995
2020,SABC,fc1,final,10000,3,0.08844471722841263,0.9833999872207642,0.9664999842643738,0.9729999899864197,0.9599999785423279
2020,SABC,fc1,final,10000,4,0.07422179728746414,0.9878000020980835,0.968999981880188,0.9760000109672546,0.9620000123977661
2020,SABC,fc1,final,10000,5,0.0652935579419136,0.9894000291824341,0.9704999923706055,0.9760000109672546,0.9649999737739563
2020,SABC,fc1,final,10000,6,0.05837170407176018,0.9900000095367432,0.9704999923706055,0.9750000238418579,0.9660000205039978
2020,SABC,fc1,final,10000,7,0.0531960092484951,0.9914000034332275,0.9714999794960022,0.9750000238418579,0.9679999947547913
2020,SABC,fc1,final,10000,8,0.0492107979953289,0.991599977016449,0.9729999899864197,0.9779999852180481,0.9679999947547913
2020,SABC,fc1,final,10000,9,0.04595505818724632,0.9922000169754028,0.9739999771118164,0.9789999723434448,0.968999981880188
2020,SABC,fc1,final,10000,10,0.04332617670297623,0.9923999905586243,0.9745000004768372,0.9810000061988831,0.9679999947547913
2020,SABC,fc1,final,10000,11,0.04094045236706734,0.9927999973297119,0.9739999771118164,0.9800000190734863,0.9679999947547913
2020,SABC,fc1,final,10000,12,0.03889470174908638,0.9929999709129333,0.9745000004768372,0.9800000190734863,0.968999981880188
2020,SABC,fc1,final,10000,13,0.037136562168598175,0.993399977684021,0.9745000004768372,0.9800000190734863,0.968999981880188
2020,SABC,fc1,final,10000,14,0.035596705973148346,0.9936000108718872,0.9735000133514404,0.9800000190734863,0.9670000076293945
2020,SABC,fc1,final,10000,15,0.034219641238451004,0.9936000108718872,0.9735000133514404,0.9800000190734863,0.9670000076293945
2020,SABC,fc1,final,10000,16,0.03297790512442589,0.9936000108718872,0.9735000133514404,0.9800000190734863,0.9670000076293945
2020,SABC,fc1,final,10000,17,0.03185391053557396,0.9937999844551086,0.9735000133514404,0.9800000190734863,0.9670000076293945
2020,SABC,fc1,final,10000,18,0.030806509777903557,0.9941999912261963,0.9735000133514404,0.9800000190734863,0.9670000076293945
2020,SABC,fc1,final,10000,19,0.029857682064175606,0.9945999979972839,0.9739999771118164,0.9800000190734863,0.9679999947547913
2020,SABC,fc1,final,10000,20,0.029156003147363663,0.995199978351593,0.9739999771118164,0.9810000061988831,0.9670000076293945
2020,SBAC,fc1,final,10000,1,0.20039087533950806,0.9688000082969666,0.9480000138282776,0.9409999847412109,0.9549999833106995
2020,SBAC,fc1,final,10000,2,0.12701533734798431,0.979200005531311,0.965499997138977,0.9679999947547913,0.9629999995231628
2020,SBAC,fc1,final,10000,3,0.09897433966398239,0.9824000000953674,0.9679999947547913,0.972000002861023,0.9639999866485596
2020,SBAC,fc1,final,10000,4,0.08342300355434418,0.9850000143051147,0.9704999923706055,0.9739999771118164,0.9670000076293945
2020,SBAC,fc1,final,10000,5,0.07372882962226868,0.9865999817848206,0.9725000262260437,0.9750000238418579,0.9700000286102295
2020,SBAC,fc1,final,10000,6,0.06611597537994385,0.9878000020980835,0.9745000004768372,0.9779999852180481,0.9710000157356262
2020,SBAC,fc1,final,10000,7,0.060383446514606476,0.9886000156402588,0.9750000238418579,0.9769999980926514,0.9729999899864197
2020,SBAC,fc1,final,10000,8,0.05593041330575943,0.9896000027656555,0.9760000109672546,0.9789999723434448,0.9729999899864197
2020,SBAC,fc1,final,10000,9,0.05239657685160637,0.9896000027656555,0.9764999747276306,0.9800000190734863,0.9729999899864197
2020,SBAC,fc1,final,10000,10,0.0494399219751358,0.9901999831199646,0.9769999980926514,0.9800000190734863,0.9739999771118164
2020,SBAC,fc1,final,10000,11,0.04694082587957382,0.9909999966621399,0.9775000214576721,0.9810000061988831,0.9739999771118164
2020,SBAC,fc1,final,10000,12,0.044778842478990555,0.991599977016449,0.9775000214576721,0.9810000061988831,0.9739999771118164
2020,SBAC,fc1,final,10000,13,0.042887039482593536,0.9922000169754028,0.9779999852180481,0.9810000061988831,0.9750000238418579
2020,SBAC,fc1,final,10000,14,0.041196003556251526,0.9926000237464905,0.9779999852180481,0.9810000061988831,0.9750000238418579
2020,SBAC,fc1,final,10000,15,0.03970050439238548,0.9929999709129333,0.9779999852180481,0.9810000061988831,0.9750000238418579
2020,SBAC,fc1,final,10000,16,0.03832896426320076,0.993399977684021,0.9775000214576721,0.9800000190734863,0.9750000238418579
2020,SBAC,fc1,final,10000,17,0.037096455693244934,0.993399977684021,0.9779999852180481,0.9810000061988831,0.9750000238418579
2020,SBAC,fc1,final,10000,18,0.035962190479040146,0.9936000108718872,0.9779999852180481,0.9800000190734863,0.9760000109672546
2020,SBAC,fc1,final,10000,19,0.03493080288171768,0.9937999844551086,0.9775000214576721,0.9810000061988831,0.9739999771118164
2020,SBAC,fc1,final,10000,20,0.0339755155146122,0.9940000176429749,0.9779999852180481,0.9810000061988831,0.9750000238418579
303,SABC,fc1,final,10000,1,0.19756345450878143,0.9733999967575073,0.9459999799728394,0.9559999704360962,0.9359999895095825
303,SABC,fc1,final,10000,2,0.12703867256641388,0.9801999926567078,0.9585000276565552,0.9739999771118164,0.9430000185966492
303,SABC,fc1,final,10000,3,0.10157305002212524,0.9818000197410583,0.9629999995231628,0.9750000238418579,0.9509999752044678
303,SABC,fc1,final,10000,4,0.08706928044557571,0.9837999939918518,0.9645000100135803,0.9769999980926514,0.9520000219345093
303,SABC,fc1,final,10000,5,0.07841726392507553,0.9860000014305115,0.9670000076293945,0.9789999723434448,0.9549999833106995
303,SABC,fc1,final,10000,6,0.07079704850912094,0.9865999817848206,0.9664999842643738,0.9779999852180481,0.9549999833106995
303,SABC,fc1,final,10000,7,0.06530377268791199,0.9869999885559082,0.9679999947547913,0.9800000190734863,0.9559999704360962
303,SABC,fc1,final,10000,8,0.06098185479640961,0.9869999885559082,0.968500018119812,0.9800000190734863,0.9570000171661377
303,SABC,fc1,final,10000,9,0.05743502080440521,0.9879999756813049,0.968999981880188,0.9800000190734863,0.9580000042915344
303,SABC,fc1,final,10000,10,0.05452042073011398,0.9883999824523926,0.9695000052452087,0.9800000190734863,0.9589999914169312
303,SABC,fc1,final,10000,11,0.05195643752813339,0.9887999892234802,0.9700000286102295,0.9810000061988831,0.9589999914169312
303,SABC,fc1,final,10000,12,0.04974526911973953,0.9894000291824341,0.9700000286102295,0.9810000061988831,0.9589999914169312
303,SABC,fc1,final,10000,13,0.0477878712117672,0.9900000095367432,0.9704999923706055,0.9810000061988831,0.9599999785423279
303,SABC,fc1,final,10000,14,0.04602909833192825,0.9904000163078308,0.9704999923706055,0.9810000061988831,0.9599999785423279
303,SABC,fc1,final,10000,15,0.044446829706430435,0.9908000230789185,0.9704999923706055,0.9810000061988831,0.9599999785423279
303,SABC,fc1,final,10000,16,0.042990218847990036,0.9909999966621399,0.9704999923706055,0.9810000061988831,0.9599999785423279
303,SABC,fc1,final,10000,17,0.041659627109766006,0.9909999966621399,0.9725000262260437,0.9810000061988831,0.9639999866485596
303,SABC,fc1,final,10000,18,0.04043174907565117,0.9909999966621399,0.9729999899864197,0.9819999933242798,0.9639999866485596
303,SABC,fc1,final,10000,19,0.039298031479120255,0.9911999702453613,0.9735000133514404,0.9819999933242798,0.9649999737739563
303,SABC,fc1,final,10000,20,0.03826506808400154,0.9914000034332275,0.9735000133514404,0.9819999933242798,0.9649999737739563
303,SBAC,fc1,final,10000,1,0.2374909222126007,0.9606000185012817,0.9315000176429749,0.9459999799728394,0.9169999957084656
303,SBAC,fc1,final,10000,2,0.14649704098701477,0.9742000102996826,0.9520000219345093,0.9679999947547913,0.9359999895095825
303,SBAC,fc1,final,10000,3,0.11331363767385483,0.9789999723434448,0.9555000066757202,0.968999981880188,0.9419999718666077
303,SBAC,fc1,final,10000,4,0.0951933041214943,0.9833999872207642,0.9599999785423279,0.9729999899864197,0.9470000267028809
303,SBAC,fc1,final,10000,5,0.0835219994187355,0.9850000143051147,0.9629999995231628,0.9739999771118164,0.9520000219345093
303,SBAC,fc1,final,10000,6,0.07485103607177734,0.9861999750137329,0.9645000100135803,0.9739999771118164,0.9549999833106995
303,SBAC,fc1,final,10000,7,0.06820882856845856,0.9876000285148621,0.9660000205039978,0.9769999980926514,0.9549999833106995
303,SBAC,fc1,final,10000,8,0.0630318820476532,0.9887999892234802,0.9674999713897705,0.9789999723434448,0.9559999704360962
303,SBAC,fc1,final,10000,9,0.05886644870042801,0.9894000291824341,0.968999981880188,0.9800000190734863,0.9580000042915344
303,SBAC,fc1,final,10000,10,0.05546236038208008,0.9894000291824341,0.968999981880188,0.9800000190734863,0.9580000042915344
303,SBAC,fc1,final,10000,11,0.05238301306962967,0.989799976348877,0.9710000157356262,0.9819999933242798,0.9599999785423279
303,SBAC,fc1,final,10000,12,0.049774590879678726,0.9908000230789185,0.972000002861023,0.9819999933242798,0.9620000123977661
303,SBAC,fc1,final,10000,13,0.047511834651231766,0.9909999966621399,0.9725000262260437,0.9829999804496765,0.9620000123977661
303,SBAC,fc1,final,10000,14,0.04550216719508171,0.9918000102043152,0.9729999899864197,0.9829999804496765,0.9629999995231628
303,SBAC,fc1,final,10000,15,0.043719422072172165,0.9919999837875366,0.9739999771118164,0.9829999804496765,0.9649999737739563
303,SBAC,fc1,final,10000,16,0.042110130190849304,0.9922000169754028,0.9750000238418579,0.984000027179718,0.9660000205039978
303,SBAC,fc1,final,10000,17,0.04065854102373123,0.9922000169754028,0.9750000238418579,0.984000027179718,0.9660000205039978
303,SBAC,fc1,final,10000,18,0.03933028504252434,0.9923999905586243,0.9750000238418579,0.984000027179718,0.9660000205039978
303,SBAC,fc1,final,10000,19,0.03811083361506462,0.9927999973297119,0.9750000238418579,0.984000027179718,0.9660000205039978
303,SBAC,fc1,final,10000,20,0.037026453763246536,0.9927999973297119,0.9745000004768372,0.984000027179718,0.9649999737739563
404,SABC,fc1,final,10000,1,0.17309007048606873,0.9732000231742859,0.9574999809265137,0.9760000109672546,0.9390000104904175
404,SABC,fc1,final,10000,2,0.10957945883274078,0.9836000204086304,0.965499997138977,0.9800000190734863,0.9509999752044678
404,SABC,fc1,final,10000,3,0.08588059991598129,0.9861999750137329,0.968999981880188,0.984000027179718,0.9539999961853027
404,SABC,fc1,final,10000,4,0.07249283790588379,0.9883999824523926,0.9735000133514404,0.9869999885559082,0.9599999785423279
404,SABC,fc1,final,10000,5,0.06432214379310608,0.9890000224113464,0.9735000133514404,0.9860000014305115,0.9610000252723694
404,SABC,fc1,final,10000,6,0.057692766189575195,0.989799976348877,0.9754999876022339,0.9860000014305115,0.9649999737739563
404,SABC,fc1,final,10000,7,0.05271954834461212,0.9900000095367432,0.9754999876022339,0.9860000014305115,0.9649999737739563
404,SABC,fc1,final,10000,8,0.048866499215364456,0.9918000102043152,0.9754999876022339,0.9860000014305115,0.9649999737739563
404,SABC,fc1,final,10000,9,0.04574200138449669,0.9919999837875366,0.9750000238418579,0.9860000014305115,0.9639999866485596
404,SABC,fc1,final,10000,10,0.04313049837946892,0.9927999973297119,0.9760000109672546,0.9879999756813049,0.9639999866485596
404,SABC,fc1,final,10000,11,0.040800660848617554,0.9927999973297119,0.9754999876022339,0.9869999885559082,0.9639999866485596
404,SABC,fc1,final,10000,12,0.03882402181625366,0.9932000041007996,0.9754999876022339,0.9869999885559082,0.9639999866485596
404,SABC,fc1,final,10000,13,0.0370912179350853,0.9932000041007996,0.9754999876022339,0.9869999885559082,0.9639999866485596
404,SABC,fc1,final,10000,14,0.035555578768253326,0.9932000041007996,0.9760000109672546,0.9879999756813049,0.9639999866485596
404,SABC,fc1,final,10000,15,0.03417069837450981,0.993399977684021,0.9754999876022339,0.9879999756813049,0.9629999995231628
404,SABC,fc1,final,10000,16,0.03289053216576576,0.9936000108718872,0.9754999876022339,0.9879999756813049,0.9629999995231628
404,SABC,fc1,final,10000,17,0.03174789994955063,0.9941999912261963,0.9754999876022339,0.9879999756813049,0.9629999995231628
404,SABC,fc1,final,10000,18,0.03066643700003624,0.9941999912261963,0.9764999747276306,0.9879999756813049,0.9649999737739563
404,SABC,fc1,final,10000,19,0.029708141461014748,0.9945999979972839,0.9764999747276306,0.9879999756813049,0.9649999737739563
404,SABC,fc1,final,10000,20,0.028818732127547264,0.9945999979972839,0.9769999980926514,0.9879999756813049,0.9660000205039978
404,SBAC,fc1,final,10000,1,0.16211865842342377,0.9765999913215637,0.9599999785423279,0.9639999866485596,0.9559999704360962
404,SBAC,fc1,final,10000,2,0.09822379052639008,0.9837999939918518,0.9679999947547913,0.9779999852180481,0.9580000042915344
404,SBAC,fc1,final,10000,3,0.07609893381595612,0.9868000149726868,0.9704999923706055,0.9800000190734863,0.9610000252723694
404,SBAC,fc1,final,10000,4,0.06446120142936707,0.9887999892234802,0.9714999794960022,0.9819999933242798,0.9610000252723694
404,SBAC,fc1,final,10000,5,0.05730730667710304,0.9904000163078308,0.9739999771118164,0.9819999933242798,0.9660000205039978
404,SBAC,fc1,final,10000,6,0.05158589035272598,0.9914000034332275,0.9764999747276306,0.9829999804496765,0.9700000286102295
404,SBAC,fc1,final,10000,7,0.04734956845641136,0.9918000102043152,0.9754999876022339,0.9829999804496765,0.9679999947547913
404,SBAC,fc1,final,10000,8,0.04399895668029785,0.9923999905586243,0.9760000109672546,0.9829999804496765,0.968999981880188
404,SBAC,fc1,final,10000,9,0.041334368288517,0.9929999709129333,0.9775000214576721,0.9850000143051147,0.9700000286102295
404,SBAC,fc1,final,10000,10,0.039362020790576935,0.993399977684021,0.9785000085830688,0.9860000014305115,0.9710000157356262
404,SBAC,fc1,final,10000,11,0.03721696510910988,0.9940000176429749,0.9785000085830688,0.9869999885559082,0.9700000286102295
404,SBAC,fc1,final,10000,12,0.035474784672260284,0.9945999979972839,0.9789999723434448,0.9869999885559082,0.9710000157356262
404,SBAC,fc1,final,10000,13,0.03395383432507515,0.9945999979972839,0.9794999957084656,0.9879999756813049,0.9710000157356262
404,SBAC,fc1,final,10000,14,0.03262869641184807,0.9945999979972839,0.9794999957084656,0.9879999756813049,0.9710000157356262
404,SBAC,fc1,final,10000,15,0.031436607241630554,0.9945999979972839,0.9800000190734863,0.9879999756813049,0.972000002861023
404,SBAC,fc1,final,10000,16,0.03036697767674923,0.9945999979972839,0.9794999957084656,0.9879999756813049,0.9710000157356262
404,SBAC,fc1,final,10000,17,0.029394546523690224,0.9950000047683716,0.9794999957084656,0.9879999756813049,0.9710000157356262
404,SBAC,fc1,final,10000,18,0.028507787734270096,0.9950000047683716,0.9794999957084656,0.9879999756813049,0.9710000157356262
404,SBAC,fc1,final,10000,19,0.027672264724969864,0.995199978351593,0.9794999957084656,0.9879999756813049,0.9710000157356262
404,SBAC,fc1,final,10000,20,0.026938574388623238,0.9954000115394592,0.9794999957084656,0.9879999756813049,0.9710000157356262
505,SABC,fc1,final,10000,1,0.19306416809558868,0.9769999980926514,0.9524999856948853,0.9629999995231628,0.9419999718666077
505,SABC,fc1,final,10000,2,0.11912662535905838,0.9832000136375427,0.9639999866485596,0.9760000109672546,0.9520000219345093
505,SABC,fc1,final,10000,3,0.0922047570347786,0.9861999750137329,0.9670000076293945,0.9779999852180481,0.9559999704360962
505,SABC,fc1,final,10000,4,0.07772915065288544,0.9872000217437744,0.968500018119812,0.9789999723434448,0.9580000042915344
505,SABC,fc1,final,10000,5,0.06853267550468445,0.9886000156402588,0.968500018119812,0.9769999980926514,0.9599999785423279
505,SABC,fc1,final,10000,6,0.06190647557377815,0.9890000224113464,0.9700000286102295,0.9789999723434448,0.9610000252723694
505,SABC,fc1,final,10000,7,0.05690493807196617,0.9900000095367432,0.9700000286102295,0.9800000190734863,0.9599999785423279
505,SABC,fc1,final,10000,8,0.052991852164268494,0.9905999898910522,0.972000002861023,0.9819999933242798,0.9620000123977661
505,SABC,fc1,final,10000,9,0.04983526095747948,0.9909999966621399,0.9729999899864197,0.9829999804496765,0.9629999995231628
505,SABC,fc1,final,10000,10,0.04719798266887665,0.991599977016449,0.9739999771118164,0.9829999804496765,0.9649999737739563
505,SABC,fc1,final,10000,11,0.04494200274348259,0.9918000102043152,0.9745000004768372,0.9829999804496765,0.9660000205039978
505,SABC,fc1,final,10000,12,0.0430002398788929,0.9922000169754028,0.9754999876022339,0.9850000143051147,0.9660000205039978
505,SABC,fc1,final,10000,13,0.04128849506378174,0.9929999709129333,0.9754999876022339,0.9850000143051147,0.9660000205039978
505,SABC,fc1,final,10000,14,0.0397404246032238,0.9932000041007996,0.9750000238418579,0.984000027179718,0.9660000205039978
505,SABC,fc1,final,10000,15,0.0383758619427681,0.993399977684021,0.9750000238418579,0.984000027179718,0.9660000205039978
505,SABC,fc1,final,10000,16,0.037145644426345825,0.993399977684021,0.9745000004768372,0.984000027179718,0.9649999737739563
505,SABC,fc1,final,10000,17,0.036028407514095306,0.9936000108718872,0.9745000004768372,0.984000027179718,0.9649999737739563
505,SABC,fc1,final,10000,18,0.035002872347831726,0.9937999844551086,0.9750000238418579,0.984000027179718,0.9660000205039978
505,SABC,fc1,final,10000,19,0.03406590595841408,0.9937999844551086,0.9750000238418579,0.984000027179718,0.9660000205039978
505,SABC,fc1,final,10000,20,0.03318207338452339,0.9936000108718872,0.9754999876022339,0.9850000143051147,0.9660000205039978
505,SBAC,fc1,final,10000,1,0.2812770903110504,0.9524000287055969,0.9300000071525574,0.9470000267028809,0.9129999876022339
505,SBAC,fc1,final,10000,2,0.17339995503425598,0.967199981212616,0.9470000267028809,0.9649999737739563,0.9290000200271606
505,SBAC,fc1,final,10000,3,0.13454264402389526,0.972599983215332,0.9514999985694885,0.9670000076293945,0.9359999895095825
505,SBAC,fc1,final,10000,4,0.11332491785287857,0.9760000109672546,0.9549999833106995,0.9670000076293945,0.9430000185966492
505,SBAC,fc1,final,10000,5,0.10003940016031265,0.9801999926567078,0.9599999785423279,0.972000002861023,0.9480000138282776
505,SBAC,fc1,final,10000,6,0.08986237645149231,0.9828000068664551,0.9610000252723694,0.9710000157356262,0.9509999752044678
505,SBAC,fc1,final,10000,7,0.08194208890199661,0.9832000136375427,0.9639999866485596,0.972000002861023,0.9559999704360962
505,SBAC,fc1,final,10000,8,0.07606340944766998,0.9842000007629395,0.9649999737739563,0.9729999899864197,0.9570000171661377
505,SBAC,fc1,final,10000,9,0.07130395621061325,0.9843999743461609,0.9660000205039978,0.9750000238418579,0.9570000171661377
505,SBAC,fc1,final,10000,10,0.0673791840672493,0.9855999946594238,0.9674999713897705,0.9769999980926514,0.9580000042915344
505,SBAC,fc1,final,10000,11,0.06388573348522186,0.9855999946594238,0.9679999947547913,0.9760000109672546,0.9599999785423279
505,SBAC,fc1,final,10000,12,0.060904182493686676,0.9860000014305115,0.968500018119812,0.9769999980926514,0.9599999785423279
505,SBAC,fc1,final,10000,13,0.05829307809472084,0.9861999750137329,0.968500018119812,0.9769999980926514,0.9599999785423279
505,SBAC,fc1,final,10000,14,0.055947210639715195,0.9865999817848206,0.968999981880188,0.9769999980926514,0.9610000252723694
505,SBAC,fc1,final,10000,15,0.05387939512729645,0.9872000217437744,0.968999981880188,0.9769999980926514,0.9610000252723694
505,SBAC,fc1,final,10000,16,0.05201878771185875,0.9876000285148621,0.9704999923706055,0.9779999852180481,0.9629999995231628
505,SBAC,fc1,final,10000,17,0.050316330045461655,0.9878000020980835,0.972000002861023,0.9800000190734863,0.9639999866485596
505,SBAC,fc1,final,10000,18,0.04882993549108505,0.9882000088691711,0.9714999794960022,0.9789999723434448,0.9639999866485596
505,SBAC,fc1,final,10000,19,0.04736701771616936,0.9886000156402588,0.9714999794960022,0.9789999723434448,0.9639999866485596
505,SBAC,fc1,final,10000,20,0.04600807651877403,0.9883999824523926,0.9725000262260437,0.9789999723434448,0.9660000205039978
606,SABC,fc1,final,10000,1,0.18039743602275848,0.9646000266075134,0.9390000104904175,0.9440000057220459,0.9340000152587891
606,SABC,fc1,final,10000,2,0.11628136038780212,0.9760000109672546,0.9545000195503235,0.9639999866485596,0.9449999928474426
606,SABC,fc1,final,10000,3,0.09313549101352692,0.9789999723434448,0.9589999914169312,0.9679999947547913,0.949999988079071
606,SABC,fc1,final,10000,4,0.07816802710294724,0.9815999865531921,0.9639999866485596,0.9739999771118164,0.9539999961853027
606,SABC,fc1,final,10000,5,0.06895580887794495,0.9829999804496765,0.9664999842643738,0.9769999980926514,0.9559999704360962
606,SABC,fc1,final,10000,6,0.06229638680815697,0.9847999811172485,0.9664999842643738,0.9750000238418579,0.9580000042915344
606,SABC,fc1,final,10000,7,0.057077161967754364,0.9865999817848206,0.9674999713897705,0.9750000238418579,0.9599999785423279
606,SABC,fc1,final,10000,8,0.052946582436561584,0.9876000285148621,0.968999981880188,0.9769999980926514,0.9610000252723694
606,SABC,fc1,final,10000,9,0.049564994871616364,0.9886000156402588,0.968500018119812,0.9750000238418579,0.9620000123977661
606,SABC,fc1,final,10000,10,0.04665499925613403,0.9896000027656555,0.968500018119812,0.9750000238418579,0.9620000123977661
606,SABC,fc1,final,10000,11,0.0441715233027935,0.9904000163078308,0.9700000286102295,0.9769999980926514,0.9629999995231628
606,SABC,fc1,final,10000,12,0.042027607560157776,0.991599977016449,0.9704999923706055,0.9769999980926514,0.9639999866485596
606,SABC,fc1,final,10000,13,0.04013730213046074,0.9919999837875366,0.9710000157356262,0.9769999980926514,0.9649999737739563
606,SABC,fc1,final,10000,14,0.03844274953007698,0.9922000169754028,0.9714999794960022,0.9779999852180481,0.9649999737739563
606,SABC,fc1,final,10000,15,0.036923713982105255,0.9926000237464905,0.972000002861023,0.9789999723434448,0.9649999737739563
606,SABC,fc1,final,10000,16,0.03554690629243851,0.9926000237464905,0.9714999794960022,0.9789999723434448,0.9639999866485596
606,SABC,fc1,final,10000,17,0.03428615629673004,0.9926000237464905,0.9714999794960022,0.9789999723434448,0.9639999866485596
606,SABC,fc1,final,10000,18,0.03313463181257248,0.9927999973297119,0.972000002861023,0.9789999723434448,0.9649999737739563
606,SABC,fc1,final,10000,19,0.03207637742161751,0.9929999709129333,0.9725000262260437,0.9789999723434448,0.9660000205039978
606,SABC,fc1,final,10000,20,0.03108752705156803,0.9929999709129333,0.9729999899864197,0.9800000190734863,0.9660000205039978
606,SBAC,fc1,final,10000,1,0.1978534758090973,0.9652000069618225,0.9445000290870667,0.953000009059906,0.9359999895095825
606,SBAC,fc1,final,10000,2,0.1281643509864807,0.9742000102996826,0.9585000276565552,0.9679999947547913,0.9490000009536743
606,SBAC,fc1,final,10000,3,0.1011580377817154,0.9787999987602234,0.9624999761581421,0.9700000286102295,0.9549999833106995
606,SBAC,fc1,final,10000,4,0.0859832763671875,0.9819999933242798,0.9660000205039978,0.972000002861023,0.9599999785423279
606,SBAC,fc1,final,10000,5,0.07603958994150162,0.9846000075340271,0.9649999737739563,0.9710000157356262,0.9589999914169312
606,SBAC,fc1,final,10000,6,0.06854429095983505,0.9861999750137329,0.968500018119812,0.9739999771118164,0.9629999995231628
606,SBAC,fc1,final,10000,7,0.06281640380620956,0.9872000217437744,0.968500018119812,0.9739999771118164,0.9629999995231628
606,SBAC,fc1,final,10000,8,0.05827346816658974,0.9887999892234802,0.968999981880188,0.9739999771118164,0.9639999866485596
606,SBAC,fc1,final,10000,9,0.054567381739616394,0.9901999831199646,0.968999981880188,0.9729999899864197,0.9649999737739563
606,SBAC,fc1,final,10000,10,0.05150751769542694,0.9904000163078308,0.968999981880188,0.9729999899864197,0.9649999737739563
606,SBAC,fc1,final,10000,11,0.04874345660209656,0.9909999966621399,0.9695000052452087,0.9729999899864197,0.9660000205039978
606,SBAC,fc1,final,10000,12,0.04641130194067955,0.9919999837875366,0.9695000052452087,0.9729999899864197,0.9660000205039978
606,SBAC,fc1,final,10000,13,0.0443824827671051,0.9926000237464905,0.9700000286102295,0.9729999899864197,0.9670000076293945
606,SBAC,fc1,final,10000,14,0.04257848486304283,0.9929999709129333,0.9700000286102295,0.9729999899864197,0.9670000076293945
606,SBAC,fc1,final,10000,15,0.04095667973160744,0.993399977684021,0.9700000286102295,0.9729999899864197,0.9670000076293945
606,SBAC,fc1,final,10000,16,0.03950311243534088,0.9936000108718872,0.9704999923706055,0.9739999771118164,0.9670000076293945
606,SBAC,fc1,final,10000,17,0.038175132125616074,0.9937999844551086,0.9704999923706055,0.9739999771118164,0.9670000076293945
606,SBAC,fc1,final,10000,18,0.036927513778209686,0.9940000176429749,0.9710000157356262,0.9750000238418579,0.9670000076293945
606,SBAC,fc1,final,10000,19,0.035800863057374954,0.9941999912261963,0.9710000157356262,0.9750000238418579,0.9670000076293945
606,SBAC,fc1,final,10000,20,0.034773197025060654,0.9945999979972839,0.9714999794960022,0.9769999980926514,0.9660000205039978
707,SABC,fc1,final,10000,1,0.20788267254829407,0.9574000239372253,0.9304999709129333,0.9509999752044678,0.9100000262260437
707,SABC,fc1,final,10000,2,0.1332266479730606,0.9729999899864197,0.9474999904632568,0.9679999947547913,0.9269999861717224
707,SABC,fc1,final,10000,3,0.10600097477436066,0.9778000116348267,0.9559999704360962,0.9739999771118164,0.9380000233650208
707,SABC,fc1,final,10000,4,0.08931686729192734,0.9810000061988831,0.9599999785423279,0.9750000238418579,0.9449999928474426
707,SABC,fc1,final,10000,5,0.07926900684833527,0.9825999736785889,0.9629999995231628,0.9729999899864197,0.953000009059906
707,SABC,fc1,final,10000,6,0.07128548622131348,0.9843999743461609,0.9670000076293945,0.9779999852180481,0.9559999704360962
707,SABC,fc1,final,10000,7,0.06506387144327164,0.9860000014305115,0.9679999947547913,0.9789999723434448,0.9570000171661377
707,SABC,fc1,final,10000,8,0.06028527393937111,0.9869999885559082,0.9704999923706055,0.9819999933242798,0.9589999914169312
707,SABC,fc1,final,10000,9,0.05644906684756279,0.9883999824523926,0.9704999923706055,0.9829999804496765,0.9580000042915344
707,SABC,fc1,final,10000,10,0.05324619263410568,0.9891999959945679,0.972000002861023,0.984000027179718,0.9599999785423279
707,SABC,fc1,final,10000,11,0.05045881122350693,0.9900000095367432,0.9714999794960022,0.984000027179718,0.9589999914169312
707,SABC,fc1,final,10000,12,0.04805716127157211,0.9904000163078308,0.9725000262260437,0.984000027179718,0.9610000252723694
707,SABC,fc1,final,10000,13,0.045933883637189865,0.9909999966621399,0.9729999899864197,0.984000027179718,0.9620000123977661
707,SABC,fc1,final,10000,14,0.044043272733688354,0.9911999702453613,0.9729999899864197,0.984000027179718,0.9620000123977661
707,SABC,fc1,final,10000,15,0.04234908148646355,0.991599977016449,0.9729999899864197,0.984000027179718,0.9620000123977661
707,SABC,fc1,final,10000,16,0.04081876203417778,0.991599977016449,0.9729999899864197,0.984000027179718,0.9620000123977661
707,SABC,fc1,final,10000,17,0.039425283670425415,0.9918000102043152,0.9729999899864197,0.984000027179718,0.9620000123977661
707,SABC,fc1,final,10000,18,0.038134071975946426,0.9919999837875366,0.9735000133514404,0.984000027179718,0.9629999995231628
707,SABC,fc1,final,10000,19,0.03695720434188843,0.9919999837875366,0.9739999771118164,0.984000027179718,0.9639999866485596
707,SABC,fc1,final,10000,20,0.03588064759969711,0.9922000169754028,0.9739999771118164,0.984000027179718,0.9639999866485596
707,SBAC,fc1,final,10000,1,0.2007572501897812,0.9682000279426575,0.9480000138282776,0.9620000123977661,0.9340000152587891
707,SBAC,fc1,final,10000,2,0.12776316702365875,0.9771999716758728,0.9595000147819519,0.9700000286102295,0.9490000009536743
707,SBAC,fc1,final,10000,3,0.10072650015354156,0.9797999858856201,0.9629999995231628,0.9750000238418579,0.9509999752044678
707,SBAC,fc1,final,10000,4,0.08609669655561447,0.9825999736785889,0.965499997138977,0.9760000109672546,0.9549999833106995
707,SBAC,fc1,final,10000,5,0.0770975649356842,0.9832000136375427,0.9670000076293945,0.9760000109672546,0.9580000042915344
707,SBAC,fc1,final,10000,6,0.06980639696121216,0.9847999811172485,0.9674999713897705,0.9760000109672546,0.9589999914169312
707,SBAC,fc1,final,10000,7,0.06432725489139557,0.9869999885559082,0.9674999713897705,0.9760000109672546,0.9589999914169312
707,SBAC,fc1,final,10000,8,0.06011219322681427,0.9872000217437744,0.9695000052452087,0.9779999852180481,0.9610000252723694
707,SBAC,fc1,final,10000,9,0.056584082543849945,0.9879999756813049,0.9695000052452087,0.9779999852180481,0.9610000252723694
707,SBAC,fc1,final,10000,10,0.05360281467437744,0.9890000224113464,0.9700000286102295,0.9779999852180481,0.9620000123977661
707,SBAC,fc1,final,10000,11,0.05107271298766136,0.9891999959945679,0.9714999794960022,0.9800000190734863,0.9629999995231628
707,SBAC,fc1,final,10000,12,0.04887321963906288,0.9901999831199646,0.972000002861023,0.9810000061988831,0.9629999995231628
707,SBAC,fc1,final,10000,13,0.04693368449807167,0.9908000230789185,0.972000002861023,0.9810000061988831,0.9629999995231628
707,SBAC,fc1,final,10000,14,0.04522550851106644,0.9914000034332275,0.9725000262260437,0.9810000061988831,0.9639999866485596
707,SBAC,fc1,final,10000,15,0.04368828609585762,0.9914000034332275,0.9729999899864197,0.9819999933242798,0.9639999866485596
707,SBAC,fc1,final,10000,16,0.042291078716516495,0.991599977016449,0.9729999899864197,0.9819999933242798,0.9639999866485596
707,SBAC,fc1,final,10000,17,0.0410129688680172,0.9922000169754028,0.9735000133514404,0.9819999933242798,0.9649999737739563
707,SBAC,fc1,final,10000,18,0.03984682261943817,0.9929999709129333,0.9745000004768372,0.9819999933242798,0.9670000076293945
707,SBAC,fc1,final,10000,19,0.038775715976953506,0.993399977684021,0.9750000238418579,0.9829999804496765,0.9670000076293945
707,SBAC,fc1,final,10000,20,0.037837155163288116,0.9932000041007996,0.9745000004768372,0.9829999804496765,0.9660000205039978
808,SABC,fc1,final,10000,1,0.19169628620147705,0.9664000272750854,0.9375,0.9459999799728394,0.9290000200271606
808,SABC,fc1,final,10000,2,0.1236749142408371,0.9779999852180481,0.9564999938011169,0.9700000286102295,0.9430000185966492
808,SABC,fc1,final,10000,3,0.09777923673391342,0.9819999933242798,0.9599999785423279,0.9700000286102295,0.949999988079071
808,SABC,fc1,final,10000,4,0.08287056535482407,0.9832000136375427,0.9645000100135803,0.9750000238418579,0.9539999961853027
808,SABC,fc1,final,10000,5,0.07301207631826401,0.9850000143051147,0.9679999947547913,0.9779999852180481,0.9580000042915344
808,SABC,fc1,final,10000,6,0.06586877256631851,0.9865999817848206,0.9695000052452087,0.9800000190734863,0.9589999914169312
808,SABC,fc1,final,10000,7,0.06019572913646698,0.9873999953269958,0.9695000052452087,0.9810000061988831,0.9580000042915344
808,SABC,fc1,final,10000,8,0.05567893758416176,0.9882000088691711,0.9704999923706055,0.9819999933242798,0.9589999914169312
808,SABC,fc1,final,10000,9,0.05195605009794235,0.9883999824523926,0.9710000157356262,0.9819999933242798,0.9599999785423279
808,SABC,fc1,final,10000,10,0.050019241869449615,0.9887999892234802,0.9700000286102295,0.9769999980926514,0.9629999995231628
808,SABC,fc1,final,10000,11,0.0462477020919323,0.9900000095367432,0.972000002861023,0.9810000061988831,0.9629999995231628
808,SABC,fc1,final,10000,12,0.04373679310083389,0.9904000163078308,0.9729999899864197,0.9810000061988831,0.9649999737739563
808,SABC,fc1,final,10000,13,0.04160911962389946,0.9908000230789185,0.9735000133514404,0.9810000061988831,0.9660000205039978
808,SABC,fc1,final,10000,14,0.0398082472383976,0.991599977016449,0.9745000004768372,0.9819999933242798,0.9670000076293945
808,SABC,fc1,final,10000,15,0.03805800899863243,0.9918000102043152,0.9750000238418579,0.9819999933242798,0.9679999947547913
808,SABC,fc1,final,10000,16,0.03655271232128143,0.9923999905586243,0.9750000238418579,0.9819999933242798,0.9679999947547913
808,SABC,fc1,final,10000,17,0.03519272804260254,0.9927999973297119,0.9754999876022339,0.9819999933242798,0.968999981880188
808,SABC,fc1,final,10000,18,0.033957645297050476,0.9932000041007996,0.9754999876022339,0.9810000061988831,0.9700000286102295
808,SABC,fc1,final,10000,19,0.03282102569937706,0.993399977684021,0.9750000238418579,0.9800000190734863,0.9700000286102295
808,SABC,fc1,final,10000,20,0.031770505011081696,0.9936000108718872,0.9750000238418579,0.9810000061988831,0.968999981880188
808,SBAC,fc1,final,10000,1,0.1742328256368637,0.9700000286102295,0.9480000138282776,0.968999981880188,0.9269999861717224
808,SBAC,fc1,final,10000,2,0.10911976546049118,0.9807999730110168,0.9559999704360962,0.9789999723434448,0.9330000281333923
808,SBAC,fc1,final,10000,3,0.08546822518110275,0.9846000075340271,0.9610000252723694,0.9829999804496765,0.9390000104904175
808,SBAC,fc1,final,10000,4,0.07232055068016052,0.9872000217437744,0.9649999737739563,0.984000027179718,0.9459999799728394
808,SBAC,fc1,final,10000,5,0.06397996842861176,0.9879999756813049,0.965499997138977,0.9819999933242798,0.9490000009536743
808,SBAC,fc1,final,10000,6,0.05779421329498291,0.9887999892234802,0.968999981880188,0.9850000143051147,0.953000009059906
808,SBAC,fc1,final,10000,7,0.05340315401554108,0.9901999831199646,0.9704999923706055,0.9860000014305115,0.9549999833106995
808,SBAC,fc1,final,10000,8,0.04928576573729515,0.9901999831199646,0.9710000157356262,0.9860000014305115,0.9559999704360962
808,SBAC,fc1,final,10000,9,0.04627213254570961,0.9904000163078308,0.972000002861023,0.9860000014305115,0.9580000042915344
808,SBAC,fc1,final,10000,10,0.04371849447488785,0.9905999898910522,0.9714999794960022,0.9850000143051147,0.9580000042915344
808,SBAC,fc1,final,10000,11,0.04152993857860565,0.9914000034332275,0.9714999794960022,0.9850000143051147,0.9580000042915344
808,SBAC,fc1,final,10000,12,0.03963251784443855,0.991599977016449,0.9714999794960022,0.9850000143051147,0.9580000042915344
808,SBAC,fc1,final,10000,13,0.03794205188751221,0.9919999837875366,0.9725000262260437,0.9850000143051147,0.9599999785423279
808,SBAC,fc1,final,10000,14,0.03642357885837555,0.9922000169754028,0.9735000133514404,0.9850000143051147,0.9620000123977661
808,SBAC,fc1,final,10000,15,0.03506946191191673,0.9923999905586243,0.9735000133514404,0.9850000143051147,0.9620000123977661
808,SBAC,fc1,final,10000,16,0.03383347764611244,0.9923999905586243,0.9735000133514404,0.9850000143051147,0.9620000123977661
808,SBAC,fc1,final,10000,17,0.03270991891622543,0.993399977684021,0.9739999771118164,0.9850000143051147,0.9629999995231628
808,SBAC,fc1,final,10000,18,0.03168046474456787,0.9932000041007996,0.9745000004768372,0.984000027179718,0.9649999737739563
808,SBAC,fc1,final,10000,19,0.03072383813560009,0.9937999844551086,0.9745000004768372,0.984000027179718,0.9649999737739563
808,SBAC,fc1,final,10000,20,0.029865512624382973,0.9936000108718872,0.9739999771118164,0.984000027179718,0.9639999866485596
909,SABC,fc1,final,10000,1,0.1700330376625061,0.9724000096321106,0.9474999904632568,0.9570000171661377,0.9380000233650208
909,SABC,fc1,final,10000,2,0.10689489543437958,0.9807999730110168,0.9629999995231628,0.9739999771118164,0.9520000219345093
909,SABC,fc1,final,10000,3,0.08382692188024521,0.9847999811172485,0.9649999737739563,0.9760000109672546,0.9539999961853027
909,SABC,fc1,final,10000,4,0.07107532024383545,0.9869999885559082,0.965499997138977,0.9769999980926514,0.9539999961853027
909,SABC,fc1,final,10000,5,0.06276911497116089,0.9882000088691711,0.9670000076293945,0.9779999852180481,0.9559999704360962
909,SABC,fc1,final,10000,6,0.0567360483109951,0.9887999892234802,0.968999981880188,0.9789999723434448,0.9589999914169312
909,SABC,fc1,final,10000,7,0.05209288373589516,0.9904000163078308,0.9700000286102295,0.9800000190734863,0.9599999785423279
909,SABC,fc1,final,10000,8,0.04845529422163963,0.9908000230789185,0.9695000052452087,0.9800000190734863,0.9589999914169312
909,SABC,fc1,final,10000,9,0.045452143996953964,0.9914000034332275,0.9704999923706055,0.9800000190734863,0.9610000252723694
909,SABC,fc1,final,10000,10,0.042951345443725586,0.9919999837875366,0.9710000157356262,0.9800000190734863,0.9620000123977661
909,SABC,fc1,final,10000,11,0.040740180760622025,0.9919999837875366,0.9714999794960022,0.9800000190734863,0.9629999995231628
909,SABC,fc1,final,10000,12,0.03884359449148178,0.9923999905586243,0.9714999794960022,0.9800000190734863,0.9629999995231628
909,SABC,fc1,final,10000,13,0.0371747724711895,0.993399977684021,0.9714999794960022,0.9800000190734863,0.9629999995231628
909,SABC,fc1,final,10000,14,0.03568297252058983,0.993399977684021,0.9725000262260437,0.9810000061988831,0.9639999866485596
909,SABC,fc1,final,10000,15,0.034337956458330154,0.9936000108718872,0.9735000133514404,0.9819999933242798,0.9649999737739563
909,SABC,fc1,final,10000,16,0.033110879361629486,0.9937999844551086,0.9729999899864197,0.9819999933242798,0.9639999866485596
909,SABC,fc1,final,10000,17,0.032002583146095276,0.9937999844551086,0.9729999899864197,0.9819999933242798,0.9639999866485596
909,SABC,fc1,final,10000,18,0.030959811061620712,0.9937999844551086,0.9735000133514404,0.9819999933242798,0.9649999737739563
909,SABC,fc1,final,10000,19,0.030015500262379646,0.9937999844551086,0.9745000004768372,0.9829999804496765,0.9660000205039978
909,SABC,fc1,final,10000,20,0.02913738787174225,0.9937999844551086,0.9750000238418579,0.9829999804496765,0.9670000076293945
909,SBAC,fc1,final,10000,1,0.22239431738853455,0.9589999914169312,0.9340000152587891,0.9480000138282776,0.9200000166893005
909,SBAC,fc1,final,10000,2,0.13866420090198517,0.9739999771118164,0.9545000195503235,0.972000002861023,0.9369999766349792
909,SBAC,fc1,final,10000,3,0.10883262008428574,0.979200005531311,0.9580000042915344,0.9779999852180481,0.9380000233650208
909,SBAC,fc1,final,10000,4,0.09292226284742355,0.9811999797821045,0.9660000205039978,0.9810000061988831,0.9509999752044678
909,SBAC,fc1,final,10000,5,0.08447415381669998,0.9815999865531921,0.965499997138977,0.9789999723434448,0.9520000219345093
909,SBAC,fc1,final,10000,6,0.07529321312904358,0.9846000075340271,0.968500018119812,0.9800000190734863,0.9570000171661377
909,SBAC,fc1,final,10000,7,0.06914424896240234,0.9855999946594238,0.9704999923706055,0.9819999933242798,0.9589999914169312
909,SBAC,fc1,final,10000,8,0.06458175927400589,0.98580002784729,0.972000002861023,0.9819999933242798,0.9620000123977661
909,SBAC,fc1,final,10000,9,0.060834918171167374,0.9865999817848206,0.9739999771118164,0.9860000014305115,0.9620000123977661
909,SBAC,fc1,final,10000,10,0.05770603567361832,0.9876000285148621,0.9735000133514404,0.9850000143051147,0.9620000123977661
909,SBAC,fc1,final,10000,11,0.05493531376123428,0.9876000285148621,0.9745000004768372,0.9860000014305115,0.9629999995231628
909,SBAC,fc1,final,10000,12,0.05253039672970772,0.9886000156402588,0.9745000004768372,0.9860000014305115,0.9629999995231628
909,SBAC,fc1,final,10000,13,0.05042092502117157,0.9883999824523926,0.9745000004768372,0.9860000014305115,0.9629999995231628
909,SBAC,fc1,final,10000,14,0.048547979444265366,0.9886000156402588,0.9750000238418579,0.9860000014305115,0.9639999866485596
909,SBAC,fc1,final,10000,15,0.04683607071638107,0.9894000291824341,0.9750000238418579,0.9860000014305115,0.9639999866485596
909,SBAC,fc1,final,10000,16,0.04528990015387535,0.989799976348877,0.9750000238418579,0.9860000014305115,0.9639999866485596
909,SBAC,fc1,final,10000,17,0.04385906830430031,0.9905999898910522,0.9754999876022339,0.9869999885559082,0.9639999866485596
909,SBAC,fc1,final,10000,18,0.04254188388586044,0.9908000230789185,0.9754999876022339,0.9869999885559082,0.9639999866485596
909,SBAC,fc1,final,10000,19,0.041339337825775146,0.9905999898910522,0.9754999876022339,0.9869999885559082,0.9639999866485596
909,SBAC,fc1,final,10000,20,0.04023261368274689,0.9908000230789185,0.9754999876022339,0.9869999885559082,0.9639999866485596
