alpha,loss_A,loss_B,loss_full,accuracy_A,accuracy_B,accuracy_full
0.0,14.951095545424124,0.03897366571239935,7.702312913513183,0.0,0.988274017691833,0.4804
0.02,13.537343261631158,0.04100502231724467,6.976773080444336,0.0,0.9870397037646574,0.4798
0.04,12.259604382779399,0.047150151211307806,6.323130378723144,0.0,0.984776794898169,0.4787
0.06,11.107540524592773,0.059481453825676545,5.737078982543945,0.0,0.9783995062744292,0.4756
0.08,10.072478191563535,0.08071172735991976,5.21548049621582,0.0,0.9699650277720634,0.4715
0.1,9.148246287278893,0.11485388556507188,4.7571141723632815,0.0,0.9570047315367208,0.4652
0.12,8.325971555329408,0.16540089258194166,4.359118013763427,0.0,0.9382843036412261,0.4561
0.14,7.591107900144062,0.23325054593977432,4.01445341873169,0.0,0.9088664883768772,0.4418
0.16,6.931975184119752,0.3137331809607143,3.7148477546691896,0.0,0.8675169718164987,0.4217
0.18,6.3421476436139175,0.39995212895564647,3.453646443939209,0.0,0.8366591236371117,0.4067
0.2,5.814587898443682,0.4866462342289342,3.2246754489898684,0.0,0.8183501337173421,0.3978
0.22,5.343675328358808,0.5713231819901194,3.023834936141968,0.0,0.8027154906397861,0.3902
0.24,4.92570460587305,0.6540554639207216,2.8492559631347656,0.0,0.7897551944044435,0.3839
0.26,4.555825130464873,0.7364748268185317,2.699238945388794,0.0,0.7833779057807035,0.3808
0.28,4.229719368254867,0.8218375685356742,2.5731480297088622,0.0,0.7772063361448261,0.3778
0.3,3.9438943776622266,0.912753197715695,2.4704566314697267,0.0,0.7706233285332236,0.3746
0.32,3.6933382303015594,1.0107829687012195,2.3893481136322023,0.0,0.7623945690187204,0.3706
0.34,3.473899003758368,1.116649238397692,2.3280398918151857,0.0,0.7447027360625386,0.362
0.36,3.281657950844276,1.2286961719445844,2.2837132080078124,0.0,0.7296852499485702,0.3547
0.38,3.113036212718865,1.3443767643838085,2.2532908424377442,0.0,0.7113762600288006,0.3458
0.4,2.9641128483160064,1.4607040979959818,2.233305871582031,0.0,0.6833984776794898,0.3322
0.42,2.8321339535235337,1.5750487065810623,2.221064820098877,0.0,0.649043406706439,0.3155
0.44,2.7139514504436577,1.6858505807131854,2.2141916084289552,0.0001945903872348706,0.6150997737091134,0.2991
0.46,2.6061631328147032,1.792857164341931,2.210815124511719,0.002529675034053318,0.5801275457724748,0.2833
0.48,2.5036008620591543,1.8956053322957047,2.20805424156189,0.007783615489394824,0.5459781937872865,0.2694
0.5,2.3985947927024767,1.9937739542692539,2.201811400222778,0.028215606149056237,0.5128574367414113,0.2638
0.52,2.2842450209177985,2.0877979196557486,2.188752055358887,0.11461373808133878,0.44764451758897345,0.2765
0.54,2.1587402264323536,2.178855147829666,2.168518069458008,0.26717260167347734,0.30569841596379344,0.2859
0.56,2.024505378068433,2.2694178343162545,2.1435573177337646,0.4286826230784199,0.14544332441884386,0.291
0.58,1.880679337564065,2.364712193727837,2.115967727279663,0.5401829149640007,0.05904134951656038,0.3063
0.6,1.7278545828361087,2.467109215306147,2.087206276321411,0.6022572484919245,0.012548858259617362,0.3156
0.62,1.5707710120760994,2.5793393389527823,2.061036085510254,0.6505156645261724,0.0010285949393128986,0.3348
0.64,1.4124434709224192,2.7050458997445106,2.040777531242371,0.6851527534539794,0.0004114379757251594,0.3523
0.66,1.258111881801511,2.844486299401766,2.0292484870910643,0.7123954076668613,0.0,0.3661
0.68,1.1082608649461134,2.9989914922551395,2.027345013999939,0.7425569176882661,0.0,0.3816
0.7000000000000001,0.9649242729406734,3.170179480756906,2.0368988842010496,0.766880716092625,0.0,0.3941
0.72,0.8287431223658324,3.3621141835510717,2.0602148376464844,0.7982097684374392,0.0,0.4102
0.74,0.7011607494143619,3.5801931980386534,2.100658423995972,0.8291496400077836,0.0,0.4261
0.76,0.5835454942976415,3.829220250711792,2.16126799659729,0.8534734384121424,0.0,0.4386
0.78,0.4765144796263826,4.117457998115274,2.2463771366119385,0.8793539599143803,0.0,0.4519
0.8,0.38136063361590095,4.452709393402206,2.360443266296387,0.9044561198676785,0.0,0.4648
0.8200000000000001,0.2991277648737329,4.843497796010588,2.5081460845947268,0.9219692547188169,0.0,0.4738
0.84,0.23010982153456971,5.296264269106232,2.6927674823760985,0.9388986184082506,0.0,0.4825
0.86,0.17381461388314598,5.819184250803157,2.918028823471069,0.9507686320295777,0.0,0.4886
0.88,0.1291045890702397,6.420886978105468,3.1875400104522704,0.9630278264253745,0.0,0.4949
0.9,0.09503802669958211,7.107322443416888,3.5037094329833987,0.9700330803658299,0.0,0.4985
0.92,0.07021881065832128,7.890444628718066,3.871630553817749,0.977427515080755,0.0,0.5023
0.9400000000000001,0.05363063669543678,8.781040083059827,4.296024307632447,0.9820976843743919,0.0,0.5047
0.96,0.04340669843758775,9.794118364660173,4.783227556991577,0.9844327690212104,0.0,0.5059
0.98,0.03824807209326822,10.945112237025867,5.340074716949463,0.9875462152169683,0.0,0.5075
1.0,0.03734329434035237,12.256373976170098,5.977014083099365,0.9873516248297334,0.0,0.5074
