relaxation_step,metric,count,mean,median,std,minimum,maximum,mean_ci_95
0,full_accuracy_sabc,5,0.48088,0.4812,0.000580517010947996,0.4802,0.4814,"[0.48044000000000003, 0.48132]"
0,full_accuracy_sbac,5,0.5116,0.5114,0.0007211102550927724,0.5106,0.5124,"[0.51108, 0.51216]"
0,full_accuracy_difference,5,0.03071999999999998,0.030899999999999983,0.0010756393447619607,0.029400000000000037,0.03219999999999995,"[0.029860000000000008, 0.03153999999999996]"
0,A_accuracy_sabc,5,0.0,0.0,0.0,0.0,0.0,"[0.0, 0.0]"
0,A_accuracy_sbac,5,0.9955244210935981,0.9951352403191283,0.00140321123777545,0.9935785172212492,0.997081144191477,"[0.9945125510799766, 0.9966141272621133]"
0,B_accuracy_sabc,5,0.9892614688335734,0.9899197695947336,0.0011942337192923306,0.9878625797161078,0.9903312075704588,"[0.988356305286978, 0.9901666323801687]"
0,B_accuracy_sbac,5,0.0,0.0,0.0,0.0,0.0,"[0.0, 0.0]"
0,A_accuracy_difference,5,0.9955244210935981,0.9951352403191283,0.00140321123777545,0.9935785172212492,0.997081144191477,"[0.9945125510799766, 0.9966141272621133]"
0,B_accuracy_difference,5,0.9892614688335734,0.9899197695947336,0.0011942337192923306,0.9878625797161078,0.9903312075704588,"[0.988356305286978, 0.9901666323801687]"
0,full_loss_difference,5,1.8225605563354488,1.0573584587097162,1.8318545437442464,0.2247898132324213,4.924770613098145,"[0.7065154002380364, 3.3784332182312014]"
0,prediction_disagreement,5,1.0,1.0,0.0,1.0,1.0,"[1.0, 1.0]"
0,js_divergence,5,0.6926281819336204,0.6926105515525673,0.0002621407595365148,0.6923085907977905,0.6930357746774695,"[0.6924293750997011, 0.6928586633345366]"
0,cka_conv1,5,0.980411789912081,0.9810667691248975,0.012337230068942948,0.963834049286504,0.9942661062244423,"[0.9708788345568147, 0.9898388262475291]"
0,cka_conv2,5,0.7823172005776134,0.8340195390030362,0.15513047612494585,0.5465753676248455,0.935843928504192,"[0.6470131773454064, 0.8936116594410362]"
0,cka_fc1,5,0.4354830933829029,0.43245094362744,0.024194449905730404,0.400815987655933,0.4619998149258792,"[0.41691933673461223, 0.45362963309658]"
0,cka_logits,5,0.20481168077189219,0.2093306987454328,0.0532830011395604,0.14075582378450288,0.26494180228867115,"[0.1629640623879321, 0.24665929915585227]"
0,representation_history_score,5,0.39109985301974187,0.35570006561818324,0.07476671369679334,0.33167004191993754,0.5129281207152449,"[0.3410827510467477, 0.45649372760463514]"
0,normalized_weight_distance,5,1.2703550338745118,1.2648320198059082,0.025452377656562285,1.2375338077545166,1.3049267530441284,"[1.251416802406311, 1.2885847347974777]"
0,conv1_dead_ratio_difference,5,0.04375,0.03125,0.06480137922914912,0.0,0.15625,"[0.00625, 0.1]"
0,conv1_average_sparsity_difference,5,0.13460258777250828,0.13485662297227918,0.13510068504177414,0.012313473844187683,0.34469125163235503,"[0.039786072645915736, 0.24156308457410205]"
0,conv1_average_activation_variance_difference,5,0.05776688217737047,0.04124868481123013,0.04654438269945907,0.020317250511183715,0.1318226464744825,"[0.02525140651657032, 0.09780881912999204]"
0,conv2_dead_ratio_difference,5,0.0625,0.0625,0.0427908248050911,0.015625,0.125,"[0.03125, 0.096875]"
0,conv2_average_sparsity_difference,5,0.00387543838920692,0.0030948660865419697,0.0022513702615315936,0.001413903127073013,0.007065449349482833,"[0.0022213966712740785, 0.005799864286277057]"
0,conv2_average_activation_variance_difference,5,0.06142161330041751,0.05768657180225631,0.025720812732402783,0.03705046702121981,0.10387758137871546,"[0.04478315552745774, 0.08402523808720845]"
0,fc1_dead_ratio_difference,5,0.246875,0.2734375,0.12470668712021822,0.1015625,0.375,"[0.1484375, 0.3453125]"
0,fc1_average_sparsity_difference,5,0.06741171873854909,0.06833984372769919,0.04240611149851821,0.020476563109696144,0.13408593620715692,"[0.039367578180504195, 0.1032828118539328]"
0,fc1_average_activation_variance_difference,5,0.8556264168191252,0.7515580119231084,0.5565307773271206,0.32557473791702707,1.6483017393142485,"[0.4345647016091532, 1.2995205625767974]"
100,full_accuracy_sabc,5,0.9561399999999999,0.9568,0.006535518342105677,0.9455,0.9631,"[0.950477, 0.9606999999999999]"
100,full_accuracy_sbac,5,0.9494199999999999,0.9503,0.0027833433133553622,0.9446,0.9517,"[0.94696, 0.9511]"
100,full_accuracy_difference,5,0.009199999999999986,0.008799999999999919,0.0027386127875258393,0.006199999999999983,0.012399999999999967,"[0.0070399999999999794, 0.011359999999999992]"
100,A_accuracy_sabc,5,0.9640786145164428,0.966919634170072,0.013726969206471784,0.9414282934423039,0.9748978400467017,"[0.9522864370500097, 0.9732243627164818]"
100,A_accuracy_sbac,5,0.9593695271453591,0.957968476357268,0.007757301306747145,0.9529091262891614,0.9723681650126483,"[0.9543880132321464, 0.9661412726211325]"
100,B_accuracy_sabc,5,0.9477473770829048,0.9498045669615306,0.007169240318134815,0.9364328327504629,0.9555646986216828,"[0.9417815264348899, 0.9527257765891791]"
100,B_accuracy_sbac,5,0.9389014606048137,0.9405472125077144,0.009499897049182334,0.9277926352602345,0.9491874099979428,"[0.9314132894466158, 0.9463896317630118]"
100,A_accuracy_difference,5,0.009768437439190491,0.012648375170266624,0.006703349349016774,0.0023350846468185305,0.016929363689433652,"[0.0046312512161899464, 0.014905623662191036]"
100,B_accuracy_difference,5,0.009010491668381016,0.005965850648014803,0.009830914179388629,0.0004114379757251818,0.02304052664060896,"[0.0016046081053281425, 0.016951244599876604]"
100,full_loss_difference,5,0.030473429743945596,0.028340228456258776,0.007801256250372246,0.02299758678674696,0.041293042901158344,"[0.02453043216109275, 0.03672308385580779]"
100,prediction_disagreement,5,0.07870000153779984,0.08100000023841858,0.006676450371286199,0.06750000268220901,0.08500000089406967,"[0.07290000170469284, 0.0829000011086464]"
100,js_divergence,5,0.041308266239535665,0.042390180915084084,0.003145340784783277,0.037475082372500065,0.044689883784306945,"[0.038882286248657486, 0.04373407259097058]"
100,cka_conv1,5,0.9641192754361867,0.9958528141300611,0.0522115934341335,0.8776238591461325,0.997755037841884,"[0.9164548241656917, 0.9973594421686377]"
100,cka_conv2,5,0.8728980169047347,0.8572759686797067,0.06093408266761346,0.8076070010784976,0.9575439622264145,"[0.8269783145523428, 0.9229390078436597]"
100,cka_fc1,5,0.7819189755914848,0.7746247349154314,0.01913698610164867,0.7597233321466615,0.8066116471589515,"[0.7676602490986077, 0.797694021042647]"
100,cka_logits,5,0.7517855569634843,0.7393527961061608,0.046969407503236256,0.6932956898218782,0.814180117356336,"[0.7173347521309293, 0.7909279067204109]"
100,representation_history_score,5,0.1725915037518902,0.18530455408907553,0.03337259824867069,0.11792219530731707,0.19793637916363227,"[0.14328202464479564, 0.19507035530768052]"
100,normalized_weight_distance,5,1.2693373918533326,1.2645983695983887,0.026893258549014844,1.247344970703125,1.3150603771209717,"[1.2523436307907105, 1.2929728746414184]"
100,conv1_dead_ratio_difference,5,0.05,0.03125,0.06480137922914912,0.0,0.15625,"[0.00625, 0.10625]"
100,conv1_average_sparsity_difference,5,0.12438854095205443,0.16116726872164122,0.0926000912001253,0.024391264963924186,0.2246975688913153,"[0.05308983518704622, 0.19568724671706264]"
100,conv1_average_activation_variance_difference,5,0.037836063043432275,0.03381241687535887,0.02812691524438027,0.006469461382437203,0.07289153079632271,"[0.015900646175154968, 0.05977147991170959]"
100,conv2_dead_ratio_difference,5,0.084375,0.046875,0.06774838558962125,0.046875,0.203125,"[0.046875, 0.146875]"
100,conv2_average_sparsity_difference,5,0.006995009367521732,0.0037415894267809335,0.009094765417601555,0.0009243861445114021,0.0228814968032367,"[0.001731417347656361, 0.015214412974557945]"
100,conv2_average_activation_variance_difference,5,0.01340300406339033,0.012355230821373745,0.009702041917059256,0.0015742567288792066,0.02852291552222952,"[0.006167606860834341, 0.022026272762231548]"
100,fc1_dead_ratio_difference,5,0.1984375,0.2109375,0.101652604261401,0.0390625,0.2890625,"[0.115625, 0.2703125]"
100,fc1_average_sparsity_difference,5,0.06339453161217534,0.06782421932848592,0.05333348365809521,0.010410157565274858,0.13584765461928328,"[0.022774219915754658, 0.10401484330859603]"
100,fc1_average_activation_variance_difference,5,0.23484054671824062,0.09534372367516997,0.2844549977445637,0.013768480602352362,0.7087326265589036,"[0.05172825714697442, 0.4856887925212683]"
500,full_accuracy_sabc,5,0.9777000000000001,0.9785,0.002228227995515733,0.974,0.9797,"[0.9758000000000001, 0.9791400000000001]"
500,full_accuracy_sbac,5,0.9764799999999999,0.9761,0.003324454842526788,0.9725,0.9811,"[0.97402, 0.9792]"
500,full_accuracy_difference,5,0.0034599999999999965,0.0040000000000000036,0.001377679207943577,0.0013999999999999568,0.0049000000000000155,"[0.0022399999999999976, 0.0044399999999999995]"
500,A_accuracy_sabc,5,0.9837711617046118,0.9844327690212104,0.004489516948345833,0.9784004670169294,0.9885191671531426,"[0.9802296166569372, 0.9873127067522864]"
500,A_accuracy_sbac,5,0.9850943763378088,0.985016540182915,0.002304890075086381,0.9817085035999221,0.9881299863786729,"[0.9831484724654602, 0.9868846079003697]"
500,B_accuracy_sabc,5,0.9712816292943838,0.9697593087842008,0.007604092883295869,0.9629705821847356,0.9810738531166426,"[0.965398066241514, 0.9771651923472536]"
500,B_accuracy_sbac,5,0.9673729685249949,0.970170746759926,0.008176650478514349,0.955976136597408,0.976959473359391,"[0.9603373791400946, 0.9732976753754372]"
500,A_accuracy_difference,5,0.0038139715898034554,0.00583771161704616,0.003142499200340381,0.00038918077446969956,0.006616073165985559,"[0.0014788869429849915, 0.006149056236621919]"
500,B_accuracy_difference,5,0.007364739765480355,0.008228759514503192,0.005349484852789416,0.0004114379757251818,0.014400329150380586,"[0.003003497222793672, 0.011396831927586915]"
500,full_loss_difference,5,0.009927540754191581,0.006978875148296357,0.005680211678452083,0.004107815850339834,0.01789072560220957,"[0.005821621157899503, 0.014866492795348171]"
500,prediction_disagreement,5,0.03669999986886978,0.035999998450279236,0.002797319988728881,0.03350000083446503,0.04050000011920929,"[0.034600000083446505, 0.03900000005960465]"
500,js_divergence,5,0.01840984226391923,0.01790946488813205,0.001997853656852123,0.01647489912630841,0.021618079535885674,"[0.017048964351798118, 0.020134633676784225]"
500,cka_conv1,5,0.9762552616554906,0.9903865755408202,0.03580368516001631,0.9124929521288412,0.9973295445573709,"[0.9437092184873889, 0.9945523569507507]"
500,cka_conv2,5,0.9277648454856677,0.9512428719342955,0.050120994036723814,0.8716852505026645,0.9725257632962061,"[0.8891038192578682, 0.9664258717134672]"
500,cka_fc1,5,0.8277207262330861,0.8299100924088024,0.017060505740161828,0.806722430344851,0.8511653126554002,"[0.8145533606282924, 0.8408603467445156]"
500,cka_logits,5,0.8099396051874963,0.792167362808993,0.03378315529351125,0.7794054050849164,0.8556950915506295,"[0.7848015944922272, 0.8379030882289662]"
500,representation_history_score,5,0.12225721414062303,0.11268004481741722,0.02835175803054977,0.08815446202419686,0.15401802256299457,"[0.10069027887485818, 0.14382414940638788]"
500,normalized_weight_distance,5,1.2737916707992554,1.2703955173492432,0.02497852904082322,1.2519639730453491,1.3162115812301636,"[1.2572558403015137, 1.2958044052124023]"
500,conv1_dead_ratio_difference,5,0.0625,0.0625,0.06629126073623882,0.0,0.15625,"[0.0125, 0.1125]"
500,conv1_average_sparsity_difference,5,0.13246189877471579,0.1005936936781211,0.0864593229202659,0.052726107511261944,0.24843692012473184,"[0.0663861577033515, 0.20117270658673192]"
500,conv1_average_activation_variance_difference,5,0.02641432283327142,0.026830132815383045,0.011766744000822867,0.0070086398011284246,0.03685954934027724,"[0.016479842322590733, 0.033971032435989645]"
500,conv2_dead_ratio_difference,5,0.06875,0.0625,0.07378574345698496,0.0,0.1875,"[0.01875, 0.128125]"
500,conv2_average_sparsity_difference,5,0.006470137161366551,0.005583506098481905,0.005866264342261472,0.0009032208929937724,0.016122090196375893,"[0.0024903062595925006, 0.011621627841621773]"
500,conv2_average_activation_variance_difference,5,0.013272701823959981,0.012768313657693514,0.004248559927178975,0.007188143739472297,0.01734754227624124,"[0.01012478813296195, 0.01640585725043391]"
500,fc1_dead_ratio_difference,5,0.159375,0.1796875,0.11516483600963014,0.0,0.3125,"[0.065625, 0.2453125]"
500,fc1_average_sparsity_difference,5,0.05180781277813366,0.03773828180237615,0.04005601011880061,0.01772265672798312,0.1172656235244176,"[0.02483515719504794, 0.08606718675573574]"
500,fc1_average_activation_variance_difference,5,0.23843936843556665,0.15949127663887053,0.1801690658572459,0.07297258356697345,0.4830141837512405,"[0.10245723400875581, 0.38515226989489404]"
1000,full_accuracy_sabc,5,0.9817599999999999,0.9818,0.0010737783756436957,0.9803,0.9832,"[0.9808999999999999, 0.98262]"
1000,full_accuracy_sbac,5,0.9793800000000001,0.9788,0.002429403218899642,0.977,0.9832,"[0.97768, 0.98134]"
1000,full_accuracy_difference,5,0.0029399999999999648,0.0030999999999999917,0.0011013627921806733,0.0013999999999999568,0.0043999999999999595,"[0.0020799999999999708, 0.003799999999999959]"
1000,A_accuracy_sabc,5,0.9840825063241876,0.985016540182915,0.0023887901987817003,0.9807355516637478,0.9863786728935591,"[0.9821366024518389, 0.9858727378867485]"
1000,A_accuracy_sbac,5,0.9841603424790815,0.985016540182915,0.00441295647961874,0.9791788285658688,0.9883245767659078,"[0.9806577155088538, 0.9876629694493092]"
1000,B_accuracy_sabc,5,0.9793046698210246,0.9783995062744292,0.002218524536439873,0.9773709113351162,0.9829253240074058,"[0.9778234931084139, 0.9811972845093602]"
1000,B_accuracy_sbac,5,0.97432627031475,0.9746965644929027,0.0034802399950310575,0.970170746759926,0.9777823493108414,"[0.9715696358773915, 0.9770829047521085]"
1000,A_accuracy_difference,5,0.003736135434909538,0.003308036582992835,0.0026801249872272625,0.0007783615489395102,0.007589025102159974,"[0.001751313485113859, 0.005876629694493119]"
1000,B_accuracy_difference,5,0.0050606871014194695,0.00514297469656444,0.003468668598940536,0.0002057189878625909,0.008434478502365783,"[0.002427484056778462, 0.007693890146060478]"
1000,full_loss_difference,5,0.008242968941740696,0.00931545415557921,0.005798543836030481,0.0008123655222356391,0.01644663042351604,"[0.003939218502491719, 0.01279605717558414]"
1000,prediction_disagreement,5,0.029900000244379044,0.02850000001490116,0.0073942552974998466,0.020999999716877937,0.039500001817941666,"[0.024299999698996544, 0.03580000102519989]"
1000,js_divergence,5,0.015607560179968241,0.015896996454411814,0.0029826025336066784,0.011625720565244026,0.018633740906846268,"[0.013299748394067567, 0.017915371965868915]"
1000,cka_conv1,5,0.971987149523595,0.9881077346594865,0.0357045801606297,0.9088421858327191,0.9936170438811471,"[0.9398536972612096, 0.9911659238115073]"
1000,cka_conv2,5,0.9241568639563041,0.9301536133802555,0.028253411326167495,0.8784639807496329,0.95258120023004,"[0.8989954935340985, 0.9434658252223425]"
1000,cka_fc1,5,0.8337804627876194,0.8324447192018722,0.016016871732683437,0.817272700873028,0.8598345042551798,"[0.8222336984454202, 0.8477707804747112]"
1000,cka_logits,5,0.7958782517571026,0.789554234606915,0.04840731131739255,0.7381192968882014,0.8724696731305258,"[0.7587211889648949, 0.8393034977210814]"
1000,representation_history_score,5,0.12103133662803825,0.12149546239020226,0.018050833041771748,0.09379214775739009,0.14371256476389171,"[0.10550659030017548, 0.13482572381441593]"
1000,normalized_weight_distance,5,1.2768766641616822,1.272422194480896,0.023650249214232325,1.2554851770401,1.3171559572219849,"[1.2615411758422852, 1.2981575727462769]"
1000,conv1_dead_ratio_difference,5,0.06875,0.0625,0.060110575192722955,0.0,0.15625,"[0.025, 0.11875]"
1000,conv1_average_sparsity_difference,5,0.12407226190256324,0.1291718782863711,0.07163740988561101,0.03519120097553241,0.21065852410120556,"[0.06877838025375808, 0.1793661435513684]"
1000,conv1_average_activation_variance_difference,5,0.013918593905113746,0.018124121308200535,0.008893530173821067,7.213579341680543e-05,0.02131466963321249,"[0.006059690034197862, 0.02016203485175721]"
1000,conv2_dead_ratio_difference,5,0.0625,0.046875,0.05524271728019903,0.015625,0.15625,"[0.028125, 0.1125]"
1000,conv2_average_sparsity_difference,5,0.005486168695415472,0.002499721010579492,0.007007480993521996,0.002039142394764326,0.01801347242938789,"[0.002194316066038482, 0.011752256012046302]"
1000,conv2_average_activation_variance_difference,5,0.007819191879607114,0.006566505466262508,0.005202836836207714,0.0014313385080713253,0.013547306877842877,"[0.003814501069010935, 0.011823882690203293]"
1000,fc1_dead_ratio_difference,5,0.14375,0.1171875,0.11476666205283659,0.0390625,0.3203125,"[0.0609375, 0.240625]"
1000,fc1_average_sparsity_difference,5,0.04580312518592109,0.04021484506620254,0.036889670856408666,0.0136835926796266,0.1083750007855997,"[0.02155859308741128, 0.07837343795099513]"
1000,fc1_average_activation_variance_difference,5,0.19983541577327543,0.14367470345152822,0.1654337442308843,0.010116545641510877,0.3940648781605778,"[0.07303209663920378, 0.3267031172188987]"
2500,full_accuracy_sabc,5,0.9855200000000002,0.9856,0.0009523654760647161,0.9844,0.9869,"[0.9848389999999999, 0.98628]"
2500,full_accuracy_sbac,5,0.98346,0.9843,0.002131431443889324,0.9803,0.9854,"[0.9817199999999999, 0.9850199999999999]"
2500,full_accuracy_difference,5,0.002100000000000035,0.0015000000000000568,0.0019339079605814084,9.999999999998899e-05,0.005300000000000082,"[0.0007800000000000251, 0.00378000000000005]"
2500,A_accuracy_sabc,5,0.9885191671531427,0.9885191671531426,0.0024343249665687797,0.9854057209573847,0.9914380229616657,"[0.986651099435688, 0.9903872348705974]"
2500,A_accuracy_sbac,5,0.9873905429071803,0.9867678536680288,0.003254375153472528,0.983459817085036,0.9918272037361354,"[0.984977622105468, 0.9900758902510216]"
2500,B_accuracy_sabc,5,0.9823493108413907,0.9821024480559556,0.001375397214601687,0.9810738531166426,0.9841596379345814,"[0.9812795721045052, 0.9834190495782762]"
2500,B_accuracy_sbac,5,0.9793046698210244,0.9788109442501542,0.002100953948847862,0.976959473359391,0.9816910100802304,"[0.9776589179181239, 0.9809504217239251]"
2500,A_accuracy_difference,5,0.002529675034053347,0.003308036582992835,0.0014233059776539902,0.0001945903872349053,0.00350262697022774,"[0.0012453784783032162, 0.0034637088927807146]"
2500,B_accuracy_difference,5,0.0032915038058012993,0.0032915038058012325,0.0027407760943168593,0.0006171569635877727,0.007200164575190349,"[0.001234313927175501, 0.005389837481999638]"
2500,full_loss_difference,5,0.008688776086768484,0.006700384164648132,0.00662408679151059,0.0021913232712657132,0.016281842849319217,"[0.003482529484578406, 0.01389502268895856]"
2500,prediction_disagreement,5,0.02680000029504299,0.02500000037252903,0.006109419105387759,0.020999999716877937,0.03400000184774399,"[0.02200000025331974, 0.03160000033676624]"
2500,js_divergence,5,0.01355307377854641,0.013041376832306502,0.0024015672847845343,0.011227675510445718,0.017287709868715397,"[0.011850002869408835, 0.015589176654151837]"
2500,cka_conv1,5,0.9732712567261178,0.9923830980089836,0.043954892367589864,0.8947631948931052,0.9967591882721701,"[0.9338231928196841, 0.9945336367743408]"
2500,cka_conv2,5,0.9343214088303948,0.9320681962376972,0.03424518675929431,0.8950694485344857,0.9753431583965658,"[0.9075239163231071, 0.9611918324702133]"
2500,cka_fc1,5,0.8184545466428256,0.8191263526433208,0.018627392315342363,0.7984895500059218,0.8479151103018086,"[0.8056870207024505, 0.8340974102337005]"
2500,cka_logits,5,0.800375549425447,0.7973638950066834,0.035401496309709186,0.7583318176187542,0.8552641417027845,"[0.7749921656492369, 0.8313420635814733]"
2500,representation_history_score,5,0.12361202226338971,0.13022270769286015,0.02514997831008947,0.08837086565081287,0.1532205007297962,"[0.10227172683918359, 0.1420026880372049]"
2500,normalized_weight_distance,5,1.285426378250122,1.2803841829299927,0.02109355170434996,1.265820860862732,1.321475625038147,"[1.2718432903289796, 1.3047756195068358]"
2500,conv1_dead_ratio_difference,5,0.08125,0.0625,0.07525996611745185,0.0,0.1875,"[0.025, 0.1375]"
2500,conv1_average_sparsity_difference,5,0.10158884831175641,0.1227171683411612,0.06318265854660454,0.03287452000608937,0.15929533612747093,"[0.05194261989879152, 0.1512350767247213]"
2500,conv1_average_activation_variance_difference,5,0.010238793042016074,0.006526240372245695,0.009255206322197559,0.001497239666047534,0.025142146056152302,"[0.004031211423267678, 0.017926869648828093]"
2500,conv2_dead_ratio_difference,5,0.071875,0.078125,0.05698307040253272,0.0,0.15625,"[0.03125, 0.11875]"
2500,conv2_average_sparsity_difference,5,0.003474202750378197,0.002105787589506747,0.004564273357668451,8.525992713259711e-05,0.01118578579436047,"[0.0005532046763576659, 0.007510307564794516]"
2500,conv2_average_activation_variance_difference,5,0.0087269642626485,0.004657958306619928,0.010430328908158605,3.761072798932896e-05,0.02641382247830658,"[0.0022472181366780556, 0.017710610500567978]"
2500,fc1_dead_ratio_difference,5,0.14375,0.1015625,0.12652873778069154,0.015625,0.3515625,"[0.0609375, 0.2515625]"
2500,fc1_average_sparsity_difference,5,0.03976249999150241,0.03687890582386899,0.03917437316058468,0.0005117189216434781,0.10266796860651084,"[0.01355703164190345, 0.07335156248500425]"
2500,fc1_average_activation_variance_difference,5,0.22698008355041957,0.1417493109602317,0.22145024919823855,0.0945646234549895,0.6203312578678437,"[0.11202286675647884, 0.4278497998145128]"
5000,full_accuracy_sabc,5,0.9843200000000001,0.9849,0.0019942417105255914,0.9812,0.986,"[0.98264, 0.9857400000000001]"
5000,full_accuracy_sbac,5,0.9853200000000001,0.9854,0.001911020669694574,0.9826,0.9872,"[0.98384, 0.98672]"
5000,full_accuracy_difference,5,0.001639999999999997,0.0010999999999999899,0.0010784247771634785,0.0005999999999999339,0.0032000000000000917,"[0.0008599999999999719, 0.002580000000000049]"
5000,A_accuracy_sabc,5,0.9887526756178243,0.9904650710254913,0.003677706839440354,0.9842381786339754,0.99241097489784,"[0.9858727378867483, 0.9915547771940065]"
5000,A_accuracy_sbac,5,0.9876629694493092,0.9869624440552637,0.0040106395883987445,0.9822922747616267,0.9916326133489005,"[0.9846273594084453, 0.990698579490173]"
5000,B_accuracy_sabc,5,0.9796338202016047,0.9792223822258794,0.0016775875776897675,0.977988068298704,0.9816910100802304,"[0.9783172186792841, 0.9809504217239251]"
5000,B_accuracy_sbac,5,0.9828430364122609,0.9829253240074058,0.0029151186313792787,0.9788109442501542,0.9870397037646574,"[0.9804566961530548, 0.9853116642666118]"
5000,A_accuracy_difference,5,0.0018680677174547577,0.0015567230978790203,0.0013869258362487126,0.00038918077446969956,0.003502626970227629,"[0.0007783615489394879, 0.0029577738859700277]"
5000,B_accuracy_difference,5,0.003373791400946291,0.004320098745114187,0.0024192762889063127,0.0004114379757251818,0.005965850648014803,"[0.0014811767126105657, 0.005225262291709498]"
5000,full_loss_difference,5,0.008223644584284512,0.006347132573230198,0.006450465188243413,0.0026205220476782365,0.018912359219751082,"[0.003980594174382275, 0.013886268561142728]"
5000,prediction_disagreement,5,0.026000000536441803,0.027000000700354576,0.004138236398725715,0.019500000402331352,0.030500000342726707,"[0.022500000521540643, 0.0289000004529953]"
5000,js_divergence,5,0.015142946395305371,0.015878885289214554,0.002400985893523748,0.011114303018579803,0.017219598714290008,"[0.013020135926833704, 0.016678391697587315]"
5000,cka_conv1,5,0.974843399759532,0.9870315808519657,0.035589580391554,0.911752245193376,0.9984081288788166,"[0.9424563558907261, 0.9937428177005936]"
5000,cka_conv2,5,0.9265690757394479,0.9141468812939708,0.027448150084815482,0.9025843457372713,0.9590761935846365,"[0.9053926147436865, 0.9477455367352091]"
5000,cka_fc1,5,0.8003647291090565,0.7964233732553406,0.012405643745961717,0.7908783031808485,0.8218044315447801,"[0.7929689780185737, 0.8116261664397308]"
5000,cka_logits,5,0.7889938024602742,0.7846666901224796,0.011149643252434647,0.7817973585191158,0.808661417681766,"[0.7828851898115616, 0.7990635266580515]"
5000,representation_history_score,5,0.13653309757574777,0.1378056113589743,0.011505991986504725,0.1250227516172575,0.15142189714356258,"[0.12764270674634953, 0.14542348840514602]"
5000,normalized_weight_distance,5,1.2955721616744995,1.2912168502807617,0.01722216958829452,1.281204342842102,1.325355887413025,"[1.2852038794755936, 1.3112302780151368]"
5000,conv1_dead_ratio_difference,5,0.08125,0.0625,0.07525996611745185,0.0,0.1875,"[0.025, 0.14375]"
5000,conv1_average_sparsity_difference,5,0.12419796557409057,0.12748624803493414,0.05684659078477883,0.06258864863411873,0.21217610148504207,"[0.0826724928274416, 0.17105342683429683]"
5000,conv1_average_activation_variance_difference,5,0.00915523112680473,0.008938637766490842,0.005830040256631149,0.002693111346530941,0.01800710061279625,"[0.00492011846783722, 0.01403172154931887]"
5000,conv2_dead_ratio_difference,5,0.078125,0.09375,0.07493486755176124,0.0,0.1875,"[0.025, 0.134375]"
5000,conv2_average_sparsity_difference,5,0.0037714205944411106,0.0046116072662272245,0.0026360354643563035,0.001031449276588603,0.007179488061645145,"[0.0018026785862417683, 0.005790864111763483]"
5000,conv2_average_activation_variance_difference,5,0.013847916923677909,0.012965042486986086,0.012179089010447659,0.0024838104656001725,0.033263757819374976,"[0.00548779861653125, 0.024063649460910646]"
5000,fc1_dead_ratio_difference,5,0.1515625,0.140625,0.10014028246352713,0.0234375,0.3046875,"[0.071875, 0.2390625]"
5000,fc1_average_sparsity_difference,5,0.03273281208985281,0.03208984334787601,0.03200315661280473,0.004355468416633812,0.08514453171028435,"[0.011028124444874266, 0.059501562421064594]"
5000,fc1_average_activation_variance_difference,5,0.5396776740421353,0.36412126634589814,0.5189776927686104,0.10347760396142336,1.3173657729011703,"[0.1590028616319529, 0.973104209141139]"
10000,full_accuracy_sabc,5,0.9862400000000001,0.9858,0.0016040573555830316,0.9848,0.9887,"[0.98508, 0.98756]"
10000,full_accuracy_sbac,5,0.98582,0.9858,0.002409771773425867,0.9823,0.9882,"[0.9839399999999999, 0.9875999999999999]"
10000,full_accuracy_difference,5,0.0013000000000000123,0.0010999999999999899,0.0010862780491200244,9.999999999998899e-05,0.0027000000000000357,"[0.00046000000000001595, 0.0021400000000000308]"
10000,A_accuracy_sabc,5,0.9901926444833625,0.9902704806382565,0.0009787722389537896,0.9891029383148473,0.9916326133489005,"[0.989492119089317, 0.9909320879548551]"
10000,A_accuracy_sbac,5,0.9898423817863398,0.9916326133489005,0.003407832734635521,0.9854057209573847,0.9926055652850749,"[0.9871570344424985, 0.99241097489784]"
10000,B_accuracy_sabc,5,0.982061304258383,0.9810738531166426,0.002301847476765976,0.9802509771651924,0.9855996708496194,"[0.9804155523554824, 0.9840362065418639]"
10000,B_accuracy_sbac,5,0.9815675786875129,0.9827196050195433,0.0020807130727817725,0.9790166632380168,0.9835424809709936,"[0.9799218267846121, 0.9831310429952683]"
10000,A_accuracy_difference,5,0.002140494259583603,0.002140494259583625,0.0012383656413074502,0.0009729519361744154,0.004086398131932345,"[0.0012842965557501751, 0.003113446195757974]"
10000,B_accuracy_difference,5,0.0022217650689158484,0.002057189878625798,0.0008406836758568873,0.0012343139271755454,0.0034972227936638234,"[0.0016046081053281425, 0.0029212096276486133]"
10000,full_loss_difference,5,0.008328435876025886,0.0043228972929580806,0.007418591458799027,0.001769734654996885,0.018517955893273597,"[0.002839921454809344, 0.01451709184374433]"
10000,prediction_disagreement,5,0.022499999776482583,0.02199999988079071,0.00404660342936476,0.016499999910593033,0.027499999850988388,"[0.019199999794363976, 0.025299999862909317]"
10000,js_divergence,5,0.013404260473929574,0.012851375766580738,0.0017747816328215595,0.011155264083971245,0.015542123298879634,"[0.012084638428115, 0.014726280002334786]"
10000,cka_conv1,5,0.978451113513364,0.9873306015658695,0.022282566462071943,0.940060939283767,0.9960419179026246,"[0.9589688041966079, 0.9917049213893945]"
10000,cka_conv2,5,0.9008053878585514,0.8771320865511824,0.03979497391460187,0.8683557405699064,0.9566319141080568,"[0.8718205105252498, 0.9343605880775565]"
10000,cka_fc1,5,0.792724095457227,0.7895003586799013,0.013874020201159831,0.7734314217915902,0.8075915361501447,"[0.782580760479241, 0.802867430435213]"
10000,cka_logits,5,0.756081252233769,0.777417338333764,0.04122516826792418,0.6977318666151564,0.7979084693554975,"[0.7201088373419793, 0.7858204921106269]"
10000,representation_history_score,5,0.15323525834211077,0.15763818864933654,0.022397325015587166,0.12754889291269078,0.1791064188192517,"[0.13572628165615916, 0.1707442350280624]"
10000,normalized_weight_distance,5,1.308169674873352,1.3042323589324951,0.013203427438609604,1.2978967428207397,1.3307883739471436,"[1.3000595569610596, 1.3196113586425782]"
10000,conv1_dead_ratio_difference,5,0.075,0.0625,0.07194290270763336,0.0,0.1875,"[0.025, 0.13125]"
10000,conv1_average_sparsity_difference,5,0.08968869210712427,0.1063053048637812,0.0652795501573728,0.00836073038590257,0.15260841924272484,"[0.038577379958042, 0.14080000425620653]"
10000,conv1_average_activation_variance_difference,5,0.011894372677880011,0.006120938819755395,0.010925371803005648,0.00251143037198176,0.024664803686927833,"[0.0035634151942987914, 0.02022533016146123]"
10000,conv2_dead_ratio_difference,5,0.0625,0.078125,0.06536406457297465,0.0,0.15625,"[0.015625, 0.109375]"
10000,conv2_average_sparsity_difference,5,0.0029988441641890518,0.0014974888540493225,0.0049000668589296685,8.530268431172772e-06,0.011677495124047255,"[0.0004181203787183563, 0.007368638389311855]"
10000,conv2_average_activation_variance_difference,5,0.02063486382224724,0.02687253731493465,0.010458674781854,0.00851988398843645,0.029741053502142456,"[0.012764117891177651, 0.02849814369321165]"
10000,fc1_dead_ratio_difference,5,0.1484375,0.1484375,0.09407495764681481,0.015625,0.28125,"[0.06875, 0.228125]"
10000,fc1_average_sparsity_difference,5,0.03203671878118257,0.03423828056702405,0.030720516191108792,0.004179688865406206,0.08001562393792483,"[0.010916406807245949, 0.056359374469866455]"
10000,fc1_average_activation_variance_difference,5,0.46016511379912084,0.5083182472200276,0.28701553290494036,0.12970404880873065,0.808504193360756,"[0.23747143010321156, 0.6828587974950301]"
